# ************************************************************
# Sequel Pro SQL dump
# Version 4541
#
# http://www.sequelpro.com/
# https://github.com/sequelpro/sequelpro
#
# Host: localhost (MySQL 5.7.22)
# Database: eapi
# Generation Time: 2018-06-25 20:07:47 +0000
# ************************************************************


/*!40101 SET @OLD_CHARACTER_SET_CLIENT=@@CHARACTER_SET_CLIENT */;
/*!40101 SET @OLD_CHARACTER_SET_RESULTS=@@CHARACTER_SET_RESULTS */;
/*!40101 SET @OLD_COLLATION_CONNECTION=@@COLLATION_CONNECTION */;
/*!40101 SET NAMES utf8 */;
/*!40014 SET @OLD_FOREIGN_KEY_CHECKS=@@FOREIGN_KEY_CHECKS, FOREIGN_KEY_CHECKS=0 */;
/*!40101 SET @OLD_SQL_MODE=@@SQL_MODE, SQL_MODE='NO_AUTO_VALUE_ON_ZERO' */;
/*!40111 SET @OLD_SQL_NOTES=@@SQL_NOTES, SQL_NOTES=0 */;


# Dump of table migrations
# ------------------------------------------------------------

DROP TABLE IF EXISTS `migrations`;

CREATE TABLE `migrations` (
  `id` int(10) unsigned NOT NULL AUTO_INCREMENT,
  `migration` varchar(255) COLLATE utf8mb4_unicode_ci NOT NULL,
  `batch` int(11) NOT NULL,
  PRIMARY KEY (`id`)
) ENGINE=InnoDB DEFAULT CHARSET=utf8mb4 COLLATE=utf8mb4_unicode_ci;

LOCK TABLES `migrations` WRITE;
/*!40000 ALTER TABLE `migrations` DISABLE KEYS */;

INSERT INTO `migrations` (`id`, `migration`, `batch`)
VALUES
	(1,'2014_10_12_000000_create_users_table',1),
	(2,'2014_10_12_100000_create_password_resets_table',1),
	(3,'2018_06_25_190936_create_products_table',1),
	(4,'2018_06_25_190949_create_reviews_table',1);

/*!40000 ALTER TABLE `migrations` ENABLE KEYS */;
UNLOCK TABLES;


# Dump of table password_resets
# ------------------------------------------------------------

DROP TABLE IF EXISTS `password_resets`;

CREATE TABLE `password_resets` (
  `email` varchar(255) COLLATE utf8mb4_unicode_ci NOT NULL,
  `token` varchar(255) COLLATE utf8mb4_unicode_ci NOT NULL,
  `created_at` timestamp NULL DEFAULT NULL,
  KEY `password_resets_email_index` (`email`)
) ENGINE=InnoDB DEFAULT CHARSET=utf8mb4 COLLATE=utf8mb4_unicode_ci;



# Dump of table products
# ------------------------------------------------------------

DROP TABLE IF EXISTS `products`;

CREATE TABLE `products` (
  `id` int(10) unsigned NOT NULL AUTO_INCREMENT,
  `name` varchar(255) COLLATE utf8mb4_unicode_ci NOT NULL,
  `detail` text COLLATE utf8mb4_unicode_ci NOT NULL,
  `price` int(11) NOT NULL,
  `stock` int(11) NOT NULL,
  `discount` int(11) NOT NULL,
  `created_at` timestamp NULL DEFAULT NULL,
  `updated_at` timestamp NULL DEFAULT NULL,
  PRIMARY KEY (`id`)
) ENGINE=InnoDB DEFAULT CHARSET=utf8mb4 COLLATE=utf8mb4_unicode_ci;

LOCK TABLES `products` WRITE;
/*!40000 ALTER TABLE `products` DISABLE KEYS */;

INSERT INTO `products` (`id`, `name`, `detail`, `price`, `stock`, `discount`, `created_at`, `updated_at`)
VALUES
	(1,'vero','Error rem odio nihil in. Sed voluptate ut qui necessitatibus accusantium velit officiis. Sed aperiam veniam magnam error ut. Expedita harum nihil in ea.',595,1,2,'2018-06-25 20:05:42','2018-06-25 20:05:42'),
	(2,'eius','Hic iusto labore nemo et. Magni labore sunt exercitationem in sunt maxime. Omnis asperiores dolores sunt quo et omnis corporis atque.',276,8,2,'2018-06-25 20:05:42','2018-06-25 20:05:42'),
	(3,'enim','Quas nemo iusto fugiat ut quisquam dolorem qui aspernatur. Ea laudantium consequatur iste mollitia. Non culpa et dolor amet. Consequatur itaque nihil temporibus molestiae.',801,6,7,'2018-06-25 20:05:42','2018-06-25 20:05:42'),
	(4,'repellendus','Minima quidem nulla dolorem fuga non. Sint molestias ipsam atque laudantium. Id suscipit sint ipsum dolor ut at molestiae fuga. Reprehenderit animi atque neque aut fuga et eum.',467,8,9,'2018-06-25 20:05:42','2018-06-25 20:05:42'),
	(5,'perferendis','Sit quam necessitatibus nostrum soluta esse et aut. Consequatur modi voluptatum et et est nemo possimus. Quis omnis consequatur dicta nihil impedit.',696,0,3,'2018-06-25 20:05:42','2018-06-25 20:05:42'),
	(6,'est','Est est sunt placeat exercitationem. Quidem in quis aliquam repellat ducimus voluptates saepe in. Qui ut vel assumenda asperiores rerum nisi perspiciatis.',943,4,11,'2018-06-25 20:05:42','2018-06-25 20:05:42'),
	(7,'enim','Beatae deserunt pariatur consequuntur vero aut delectus. Et explicabo voluptatem et eos. Eos voluptatem cupiditate sapiente exercitationem blanditiis. Magni quidem enim iste earum ut.',858,5,28,'2018-06-25 20:05:42','2018-06-25 20:05:42'),
	(8,'id','Quia et enim sit tempora dignissimos. Fuga ea sit libero nihil. Velit error corporis modi reiciendis eum. Est velit ut et reiciendis sed tempora exercitationem ea.',436,9,15,'2018-06-25 20:05:42','2018-06-25 20:05:42'),
	(9,'ut','Sunt ut suscipit sunt molestiae. Ipsum voluptatibus voluptates enim quae eos vel ut. Et ab sed rerum excepturi at incidunt. Sed debitis mollitia exercitationem numquam aut culpa temporibus.',935,1,16,'2018-06-25 20:05:42','2018-06-25 20:05:42'),
	(10,'molestias','Distinctio dignissimos amet excepturi eum. Unde aliquid rerum ducimus ab quo neque maxime omnis. Eveniet deleniti aut error ex. Aut nobis sint omnis ut voluptatem alias.',534,9,19,'2018-06-25 20:05:42','2018-06-25 20:05:42'),
	(11,'voluptatem','Molestiae aliquam occaecati vel sunt. Odit quaerat qui et officiis at cumque. Placeat ut vitae laudantium aliquid deserunt.',951,0,20,'2018-06-25 20:05:42','2018-06-25 20:05:42'),
	(12,'consequuntur','Dolorum ab corporis esse itaque soluta voluptate. Ipsum inventore repellat earum dicta dolorum. Qui laborum et optio provident voluptatem officiis. In quia repellat tempore provident dolor consequatur.',538,3,21,'2018-06-25 20:05:42','2018-06-25 20:05:42'),
	(13,'debitis','Incidunt rem inventore similique rerum voluptates. Consequatur quia velit excepturi autem qui sunt tenetur. Voluptatem sint quam voluptatem dolores omnis. Repellat veritatis dolores eum.',136,5,22,'2018-06-25 20:05:42','2018-06-25 20:05:42'),
	(14,'est','Voluptas eum consequatur dicta perspiciatis magnam blanditiis repudiandae expedita. Et sit ex saepe est. Necessitatibus est praesentium harum.',942,2,24,'2018-06-25 20:05:42','2018-06-25 20:05:42'),
	(15,'rerum','Aspernatur enim illum odio illo perspiciatis illo harum. Beatae laudantium ut delectus repellendus. Omnis dolore ad est animi omnis. Maiores consequatur repellendus earum labore voluptatem et.',998,6,10,'2018-06-25 20:05:42','2018-06-25 20:05:42'),
	(16,'eum','Molestiae in eveniet in sequi omnis reiciendis aut. Maiores consequuntur temporibus dolore illum fugiat. Laudantium magnam dolores hic. Eius debitis molestiae eum voluptatem sint placeat non.',632,6,19,'2018-06-25 20:05:42','2018-06-25 20:05:42'),
	(17,'omnis','In quis autem molestiae blanditiis harum. Numquam ea et modi commodi. Alias quibusdam est earum dolore consequatur.',626,1,23,'2018-06-25 20:05:42','2018-06-25 20:05:42'),
	(18,'expedita','Modi cum autem a qui. Nisi beatae minus ut cumque.',360,9,11,'2018-06-25 20:05:42','2018-06-25 20:05:42'),
	(19,'soluta','Numquam qui et veritatis enim totam et. Sit tenetur voluptatem sunt ullam autem ut. Quam perspiciatis corrupti enim quo dolorum. Non voluptatem voluptas voluptates voluptates nobis eligendi totam dolorem. Saepe quam aperiam modi voluptatibus aut.',228,7,16,'2018-06-25 20:05:42','2018-06-25 20:05:42'),
	(20,'vitae','Est eveniet quod harum distinctio quidem consequatur voluptas. Iusto debitis consequatur enim sunt. Beatae quas veniam deserunt animi. Architecto voluptatem ut non harum.',956,1,15,'2018-06-25 20:05:42','2018-06-25 20:05:42'),
	(21,'atque','Ullam sed odio error dolore sit nisi qui harum. Minus qui quos adipisci tempora molestiae aut adipisci. Et aut qui culpa aut. Consectetur optio quis magnam fugiat.',451,5,12,'2018-06-25 20:05:42','2018-06-25 20:05:42'),
	(22,'molestiae','Quia enim pariatur cumque illo pariatur natus. Eligendi officiis dolor et qui. Qui hic eius ut veniam sed at repudiandae.',609,8,25,'2018-06-25 20:05:42','2018-06-25 20:05:42'),
	(23,'est','Dolorum sequi asperiores illum quaerat praesentium in rerum. Occaecati magni ipsam voluptas officia eligendi voluptates. Sequi delectus modi voluptas iste ea.',169,3,5,'2018-06-25 20:05:42','2018-06-25 20:05:42'),
	(24,'incidunt','Exercitationem fugiat sunt itaque qui magni suscipit dignissimos. Vero dolores qui rem est odio amet non. Consequatur consequuntur facilis quia optio voluptatibus. Harum dignissimos ut voluptatem hic.',479,6,15,'2018-06-25 20:05:42','2018-06-25 20:05:42'),
	(25,'qui','Adipisci nihil cumque nostrum est. Et optio unde distinctio.',955,0,27,'2018-06-25 20:05:42','2018-06-25 20:05:42'),
	(26,'commodi','Sit sit nihil voluptas doloremque ut voluptas illum. Quasi labore quo velit et eligendi facere. Cupiditate et soluta qui perferendis harum occaecati.',408,3,14,'2018-06-25 20:05:42','2018-06-25 20:05:42'),
	(27,'aut','Nulla praesentium praesentium ut ullam dolores consequuntur aspernatur enim. Magni sed odio et cum est nisi non. Doloribus necessitatibus quaerat illo.',348,5,12,'2018-06-25 20:05:42','2018-06-25 20:05:42'),
	(28,'ut','Est quae sint molestiae voluptates. Velit omnis voluptate debitis provident similique omnis quis quam. Corrupti eum earum ut qui quasi omnis. Minima quod officia inventore eos.',209,6,30,'2018-06-25 20:05:42','2018-06-25 20:05:42'),
	(29,'quia','Doloribus nesciunt reiciendis eligendi et. Fuga ut necessitatibus reprehenderit nobis vitae eum voluptatem provident. Itaque adipisci sunt ullam eos molestias.',234,0,16,'2018-06-25 20:05:42','2018-06-25 20:05:42'),
	(30,'neque','Qui odio quia eos ut praesentium est. Voluptatem vitae ut omnis blanditiis et tenetur dolor. Vero facere aut voluptatum qui. Sunt recusandae ducimus qui distinctio iusto alias.',193,9,8,'2018-06-25 20:05:42','2018-06-25 20:05:42'),
	(31,'dolorem','Est praesentium aut dicta ut repellat. Minima excepturi magni laboriosam porro qui suscipit. Velit numquam voluptas quia error molestiae. Asperiores rerum quasi velit modi.',674,5,12,'2018-06-25 20:05:42','2018-06-25 20:05:42'),
	(32,'distinctio','Cupiditate animi inventore eius et reiciendis. Beatae voluptatem repellat quam id ut. Excepturi et saepe magni consequatur. Quisquam quo autem ut esse ullam ut inventore. Eius cumque omnis facere est minima.',697,7,23,'2018-06-25 20:05:42','2018-06-25 20:05:42'),
	(33,'sed','Consectetur quae quae nobis suscipit. Quasi in vero ratione. Quia animi qui qui deserunt.',130,8,11,'2018-06-25 20:05:42','2018-06-25 20:05:42'),
	(34,'recusandae','Reiciendis nesciunt dignissimos molestiae ducimus dolorem quis voluptas harum. Similique atque consequatur vero necessitatibus voluptatum nobis quia adipisci. Aut odio temporibus aspernatur corporis voluptatem officia quia.',905,7,5,'2018-06-25 20:05:42','2018-06-25 20:05:42'),
	(35,'possimus','Maiores minima fuga laudantium quo qui officia voluptas exercitationem. Sed pariatur quisquam distinctio ut iste explicabo. Voluptatem qui quia ullam sit. Expedita vel illo nihil voluptatem voluptatum vel et.',600,9,15,'2018-06-25 20:05:42','2018-06-25 20:05:42'),
	(36,'aperiam','Ut illum aperiam omnis nulla ratione. Iusto rerum blanditiis dolore minima occaecati magni doloremque. Nihil ut qui aut non incidunt ea qui cum. Reiciendis iure nihil cum vel.',812,6,11,'2018-06-25 20:05:42','2018-06-25 20:05:42'),
	(37,'perspiciatis','Explicabo vero sit et est reprehenderit doloremque ullam. Et et itaque cumque. Qui ipsam consequatur repudiandae consequatur in. Aliquam ipsa omnis maxime debitis ex.',361,3,14,'2018-06-25 20:05:42','2018-06-25 20:05:42'),
	(38,'omnis','Ad et eaque laudantium quia autem. Eius dolores et itaque occaecati in voluptatem.',820,4,24,'2018-06-25 20:05:42','2018-06-25 20:05:42'),
	(39,'ut','Culpa voluptatem asperiores excepturi libero reiciendis tempore rerum. Veritatis quod dolorum id ullam. Iusto molestias quibusdam quia quam. Et non tenetur ut officia architecto debitis.',243,0,9,'2018-06-25 20:05:42','2018-06-25 20:05:42'),
	(40,'quis','Enim doloribus qui omnis aliquam debitis qui quae et. Suscipit autem blanditiis animi itaque. Nesciunt nemo tempore rem vero. Quia assumenda est commodi quo repellendus qui rerum. Aut ex aut molestiae.',407,0,18,'2018-06-25 20:05:42','2018-06-25 20:05:42'),
	(41,'voluptate','Rerum harum animi consequuntur commodi. Harum suscipit consequatur deserunt minus repellat omnis adipisci. Sunt occaecati omnis sed aut. Alias nam ut ut iusto laborum vel. Laborum minima et qui blanditiis accusantium quia aut.',461,7,14,'2018-06-25 20:05:42','2018-06-25 20:05:42'),
	(42,'rem','Iure quis dolore fugit reprehenderit aspernatur. Expedita voluptatibus qui eos itaque qui dolor dolore voluptatem. Odio laboriosam et optio itaque et omnis omnis. Facilis minima inventore alias impedit.',498,2,16,'2018-06-25 20:05:42','2018-06-25 20:05:42'),
	(43,'doloremque','Sed laborum inventore magni omnis. Hic quasi sequi quia ut voluptatem corrupti. Est distinctio nobis ea sit dolore consectetur sed.',432,7,3,'2018-06-25 20:05:42','2018-06-25 20:05:42'),
	(44,'vel','Ea quia autem totam velit amet nostrum. Inventore quas vitae numquam saepe veritatis soluta.',700,1,23,'2018-06-25 20:05:42','2018-06-25 20:05:42'),
	(45,'libero','Et quam excepturi fuga aut. Et vero neque aut asperiores. Aut occaecati rerum autem qui consectetur nemo. Asperiores aut at et vel esse aliquam. Illo enim officia tenetur unde tenetur.',542,1,26,'2018-06-25 20:05:42','2018-06-25 20:05:42'),
	(46,'itaque','Nam maxime laboriosam non quos ut et. Sit nobis in sed voluptatem. Repellendus sint consequatur dolorum nesciunt. Facilis cupiditate maiores nemo.',879,6,21,'2018-06-25 20:05:42','2018-06-25 20:05:42'),
	(47,'suscipit','Enim veniam non voluptatum a. Et tenetur accusamus totam quidem. Provident est accusamus qui. Officiis iusto quo necessitatibus ratione eum voluptatibus. Mollitia laboriosam ipsum sit voluptatem illum.',746,0,23,'2018-06-25 20:05:42','2018-06-25 20:05:42'),
	(48,'fuga','Sequi nobis occaecati mollitia facilis sit. Nemo voluptas consequatur optio et et. Odio fugiat veritatis earum.',593,1,21,'2018-06-25 20:05:42','2018-06-25 20:05:42'),
	(49,'reiciendis','Dolores veritatis est unde consequuntur alias voluptatem. Est tempore possimus laboriosam eum sequi. Cum labore saepe officiis iusto. Quia repudiandae et aliquid nisi aut.',869,6,3,'2018-06-25 20:05:42','2018-06-25 20:05:42'),
	(50,'officia','Quia velit quos sunt temporibus ad eaque. Provident labore harum ea. Odit optio aut vel ut ipsum ea. Facere autem fuga a natus ipsum quidem.',211,1,7,'2018-06-25 20:05:42','2018-06-25 20:05:42'),
	(51,'blanditiis','Aut maiores voluptatem quis consequatur qui. Sequi ipsa et cum rerum ipsum. Voluptatibus aperiam doloremque commodi suscipit at voluptatem est.',256,2,4,'2018-06-25 20:05:42','2018-06-25 20:05:42'),
	(52,'odit','Voluptatem inventore eligendi fugiat dicta. Id ipsa ab voluptatem quos consequatur rerum id. Quis et reprehenderit dignissimos sint optio nulla.',927,8,21,'2018-06-25 20:05:42','2018-06-25 20:05:42'),
	(53,'qui','Odio blanditiis debitis omnis esse. Qui repellendus eum suscipit dolorem praesentium. Laborum ipsa enim nisi et. Fugiat rerum exercitationem commodi rem sed sit.',890,6,12,'2018-06-25 20:05:42','2018-06-25 20:05:42'),
	(54,'et','Consequatur quas praesentium et accusantium. Beatae repellendus et maxime aut ad.',710,3,8,'2018-06-25 20:05:42','2018-06-25 20:05:42'),
	(55,'quia','Aut autem error temporibus aspernatur aliquid dolor aliquam. Possimus sunt voluptas in neque et doloribus consequatur. Consequuntur reprehenderit blanditiis aliquid aut dolores explicabo et.',348,7,20,'2018-06-25 20:05:42','2018-06-25 20:05:42'),
	(56,'eaque','Iste iure mollitia ea possimus excepturi fuga ratione. Praesentium perspiciatis expedita dolorem saepe.',421,2,20,'2018-06-25 20:05:42','2018-06-25 20:05:42'),
	(57,'facere','Et maiores dolor deserunt sed. Culpa quia at asperiores itaque. Quaerat debitis ut fuga omnis molestiae ea. Consequuntur voluptatem odio corrupti quidem autem ea sed.',663,0,18,'2018-06-25 20:05:42','2018-06-25 20:05:42'),
	(58,'numquam','Officia harum fugiat fugit dolore atque et quos. Earum quis magni consectetur illum. Praesentium magnam quia sed eum facere voluptatem ad.',276,4,4,'2018-06-25 20:05:42','2018-06-25 20:05:42'),
	(59,'qui','Magni repellendus tenetur earum eum consequatur laborum. Dolore quae iure quis excepturi. Amet aut aut enim voluptatem laboriosam et ut. Perferendis laudantium sunt aut.',372,1,30,'2018-06-25 20:05:42','2018-06-25 20:05:42'),
	(60,'sint','Tempore ab minima enim autem. Id facilis ipsam assumenda. Quia tenetur aut repellendus distinctio voluptatem adipisci.',767,1,27,'2018-06-25 20:05:42','2018-06-25 20:05:42'),
	(61,'quia','Quis totam cum porro est cumque exercitationem. Qui fugiat rem beatae qui nisi distinctio provident. Soluta quis eveniet saepe asperiores.',318,3,24,'2018-06-25 20:05:42','2018-06-25 20:05:42'),
	(62,'sint','Debitis et placeat id quia provident commodi animi cum. Quaerat tempore sed quis. Fuga voluptas quo velit nulla non architecto. Quos velit aut quod nisi omnis velit ratione.',926,9,12,'2018-06-25 20:05:42','2018-06-25 20:05:42'),
	(63,'aut','Consequuntur quia consectetur et laborum nihil. Et sint aliquid dolor quas magni fugit dolor. Autem aliquam totam ex harum quis veritatis ut. Sunt voluptas fugiat magni in ipsam odio.',463,0,10,'2018-06-25 20:05:42','2018-06-25 20:05:42'),
	(64,'totam','Sint dolores veritatis impedit. Exercitationem ipsam debitis sunt. Ut earum odit non exercitationem dolor.',329,0,17,'2018-06-25 20:05:42','2018-06-25 20:05:42'),
	(65,'neque','Reprehenderit excepturi saepe et dolores est tempora minima. Neque in qui earum esse voluptatum ex non. Et sit id ut veritatis.',682,8,24,'2018-06-25 20:05:42','2018-06-25 20:05:42'),
	(66,'sequi','Sequi aut asperiores est rerum sed maiores. A quisquam voluptatibus laborum sit eius impedit et. Quo mollitia officia minima debitis doloribus et.',189,1,11,'2018-06-25 20:05:42','2018-06-25 20:05:42'),
	(67,'eum','Nobis ratione aliquid similique ipsum laudantium. Aut asperiores ut iste quo quo. Tempore corrupti expedita nesciunt labore. Amet maiores quam adipisci vel veniam animi maxime ipsa.',612,6,18,'2018-06-25 20:05:42','2018-06-25 20:05:42'),
	(68,'deleniti','Velit deserunt ratione at reiciendis et ducimus nesciunt. Veritatis et voluptate voluptatem corrupti. Esse modi rerum laborum sed sed ut. Delectus sint sint placeat animi est sint ut rerum.',510,8,9,'2018-06-25 20:05:42','2018-06-25 20:05:42'),
	(69,'a','Accusamus veniam earum est perferendis aspernatur. Est ea laudantium minus sunt soluta nobis eos. Officia ratione consequatur voluptatibus eum ipsum et.',448,0,29,'2018-06-25 20:05:42','2018-06-25 20:05:42'),
	(70,'et','Laudantium minima ipsum sit. Deserunt consequatur sit et sapiente nihil quia. Consequatur laborum quo eligendi labore suscipit facere ducimus delectus. Quibusdam hic aut recusandae dolores illum non repudiandae. Id ipsa voluptas sit possimus.',614,4,12,'2018-06-25 20:05:42','2018-06-25 20:05:42'),
	(71,'qui','Facere autem dolorum molestiae. Suscipit sint non quia sed est corporis sapiente. Saepe molestiae quam rem qui autem accusamus.',742,0,20,'2018-06-25 20:05:42','2018-06-25 20:05:42'),
	(72,'et','Rerum totam iure error aut nam ullam sunt. Est suscipit non tenetur tenetur nam sit.',263,1,26,'2018-06-25 20:05:42','2018-06-25 20:05:42'),
	(73,'dolor','Et ratione quia cum excepturi quisquam autem. Consequatur molestiae recusandae sunt quos beatae deserunt est. Distinctio consequatur qui culpa veniam et ut omnis.',781,8,10,'2018-06-25 20:05:42','2018-06-25 20:05:42'),
	(74,'nihil','Incidunt molestiae unde vero error nam. Quis minus animi voluptatibus fugit qui. Soluta voluptas quae sunt voluptatem saepe quas. Delectus nihil ducimus sunt voluptatem non ullam voluptatibus consequatur.',515,9,6,'2018-06-25 20:05:42','2018-06-25 20:05:42'),
	(75,'atque','Sed modi laborum ut. Repellat molestiae corrupti nihil ut. Velit omnis voluptas dolorem ea nisi dolor.',247,7,29,'2018-06-25 20:05:42','2018-06-25 20:05:42'),
	(76,'dolorem','Sit voluptas suscipit quas inventore. Quod quia vel voluptates iste totam occaecati. Facilis mollitia sed fugit itaque officiis et. Ex voluptas iste voluptas maiores possimus et ab recusandae.',129,3,17,'2018-06-25 20:05:42','2018-06-25 20:05:42'),
	(77,'velit','Repellat ab tempora illum illum. Adipisci velit expedita perspiciatis animi adipisci. Accusamus consequatur autem non aut repudiandae maiores incidunt. Enim cupiditate reprehenderit sit. Vero quisquam aliquid tempora placeat esse.',238,1,7,'2018-06-25 20:05:42','2018-06-25 20:05:42'),
	(78,'maxime','Et delectus eaque veniam odio. Consequatur voluptas et officiis aspernatur. Non dolorum vitae sapiente. Soluta est quis porro perferendis labore perferendis aut. Aut magnam eos qui voluptas.',599,4,8,'2018-06-25 20:05:42','2018-06-25 20:05:42'),
	(79,'aut','Corporis fugiat quos iure cum reiciendis et ea. Magnam vel et vel tempora amet pariatur. Eos dolorem debitis ipsa. Deserunt et in ducimus ipsa repellat.',434,5,14,'2018-06-25 20:05:42','2018-06-25 20:05:42'),
	(80,'officiis','Distinctio est blanditiis recusandae. Alias tenetur maxime optio quae quasi et. Deleniti qui ipsa nemo eveniet minus veniam pariatur.',606,6,17,'2018-06-25 20:05:42','2018-06-25 20:05:42'),
	(81,'voluptatum','Quisquam quo illo hic consequuntur. Quis consequuntur sit esse qui adipisci veritatis distinctio. Porro nisi voluptatem dignissimos optio.',553,3,3,'2018-06-25 20:05:42','2018-06-25 20:05:42'),
	(82,'quidem','Dolor excepturi qui doloribus necessitatibus placeat. Consequuntur in molestias soluta unde eum. Earum quam voluptatem rerum quos blanditiis magnam. Voluptatem sapiente quia quidem qui enim nihil maiores.',943,5,24,'2018-06-25 20:05:42','2018-06-25 20:05:42'),
	(83,'doloribus','Ducimus labore et et corrupti aut. Dolorem qui placeat voluptatibus. Eveniet atque ad nihil. Expedita consectetur consequatur iure eveniet voluptas.',789,8,26,'2018-06-25 20:05:42','2018-06-25 20:05:42'),
	(84,'error','Placeat qui velit beatae harum corrupti. Eos illum culpa aut qui est et quisquam. Mollitia soluta quam ratione.',196,6,22,'2018-06-25 20:05:42','2018-06-25 20:05:42'),
	(85,'adipisci','Molestiae sit tempora laudantium ea officiis id nisi nihil. Quod fugiat fugiat earum quia. Odio expedita dicta non facere a asperiores recusandae.',597,3,30,'2018-06-25 20:05:42','2018-06-25 20:05:42'),
	(86,'voluptate','Quia quibusdam qui eum sequi. Recusandae laborum repellendus est expedita fugit. Nemo enim impedit sit doloremque et vel.',892,3,12,'2018-06-25 20:05:42','2018-06-25 20:05:42'),
	(87,'quia','Et deserunt deserunt rerum earum sapiente. Placeat praesentium quam dolorem. Consequatur aliquid sunt beatae aut. Dignissimos inventore necessitatibus delectus sequi culpa.',822,7,16,'2018-06-25 20:05:42','2018-06-25 20:05:42'),
	(88,'consequatur','Inventore nihil quasi consequatur maiores. Ut eveniet aut et accusantium illo eum fuga ullam. Nostrum aliquam veritatis est nobis aut delectus. Quaerat non expedita fugit consequatur doloribus.',499,8,19,'2018-06-25 20:05:42','2018-06-25 20:05:42'),
	(89,'odio','Quis facilis velit maiores quas autem at. Rerum quasi qui nulla reprehenderit omnis. Omnis quis eos recusandae ab eaque provident.',998,0,11,'2018-06-25 20:05:42','2018-06-25 20:05:42'),
	(90,'voluptatem','Dolores voluptatem itaque impedit minus consequatur dolore. Odio sit velit ipsa et soluta alias. Et repellat quae perspiciatis corporis harum sint nobis.',247,4,5,'2018-06-25 20:05:42','2018-06-25 20:05:42'),
	(91,'consequatur','Et in iure explicabo consequatur quas aspernatur. Occaecati magnam ut molestiae cumque nemo. Molestiae fugiat totam optio et.',293,9,7,'2018-06-25 20:05:42','2018-06-25 20:05:42'),
	(92,'aliquid','Itaque amet aliquid placeat dolores qui eveniet. Quia omnis aperiam molestiae iste corporis voluptas. Qui cupiditate qui quia voluptates perspiciatis voluptatem.',959,8,11,'2018-06-25 20:05:42','2018-06-25 20:05:42'),
	(93,'maiores','Earum dolor officia et excepturi. Iste voluptas cum est aut est. Quibusdam quas voluptatem ullam possimus sit.',971,3,11,'2018-06-25 20:05:42','2018-06-25 20:05:42'),
	(94,'aperiam','Molestiae quia rerum voluptate exercitationem rerum. Voluptatem eos consequatur optio sit iusto eaque in enim. Unde porro velit fugiat dignissimos consequuntur tempore non cupiditate. Vitae ipsa voluptatem impedit reiciendis quas rem eveniet voluptatum.',387,7,13,'2018-06-25 20:05:42','2018-06-25 20:05:42'),
	(95,'delectus','Distinctio deserunt sunt dignissimos architecto at nam tenetur quaerat. Voluptate ex ea nihil ea. Voluptate totam veritatis qui amet provident dolor. Deleniti pariatur tempora nemo vitae quibusdam.',727,3,17,'2018-06-25 20:05:42','2018-06-25 20:05:42'),
	(96,'nisi','Dolorem maiores iste ab voluptatem pariatur dolore ipsa repellat. Iusto voluptas molestias rerum molestiae modi fugit ut sapiente. Cum illum occaecati quia dolorem dolores ipsam.',124,1,3,'2018-06-25 20:05:42','2018-06-25 20:05:42'),
	(97,'nihil','Quas autem minima nihil occaecati. Accusamus eveniet soluta optio porro rerum tempore. Repellat mollitia error sunt repudiandae ut occaecati quis nihil.',496,5,17,'2018-06-25 20:05:42','2018-06-25 20:05:42'),
	(98,'sit','Dolore nam voluptas mollitia est ipsa qui. Ducimus autem corporis nam veniam voluptas est reprehenderit. Sed totam doloremque temporibus omnis. Beatae aliquam et voluptas dolorum possimus iste.',435,3,30,'2018-06-25 20:05:42','2018-06-25 20:05:42'),
	(99,'aspernatur','Provident beatae ut sit. Aut est omnis aut. Quis non culpa iure. Est saepe at provident iusto.',947,8,15,'2018-06-25 20:05:42','2018-06-25 20:05:42'),
	(100,'quia','Omnis sapiente neque soluta quas eaque velit officiis ab. Voluptatem ut est dolorum error ratione ratione accusamus natus. Libero et consequatur esse. Qui similique fugit sed fuga deserunt quos voluptates. Aut fugit aut laboriosam consequatur assumenda minima ad.',724,7,29,'2018-06-25 20:05:42','2018-06-25 20:05:42');

/*!40000 ALTER TABLE `products` ENABLE KEYS */;
UNLOCK TABLES;


# Dump of table reviews
# ------------------------------------------------------------

DROP TABLE IF EXISTS `reviews`;

CREATE TABLE `reviews` (
  `id` int(10) unsigned NOT NULL AUTO_INCREMENT,
  `product_id` int(10) unsigned NOT NULL,
  `customer` varchar(255) COLLATE utf8mb4_unicode_ci NOT NULL,
  `review` text COLLATE utf8mb4_unicode_ci NOT NULL,
  `star` int(11) NOT NULL,
  `created_at` timestamp NULL DEFAULT NULL,
  `updated_at` timestamp NULL DEFAULT NULL,
  PRIMARY KEY (`id`),
  KEY `reviews_product_id_index` (`product_id`),
  CONSTRAINT `reviews_product_id_foreign` FOREIGN KEY (`product_id`) REFERENCES `products` (`id`) ON DELETE CASCADE
) ENGINE=InnoDB DEFAULT CHARSET=utf8mb4 COLLATE=utf8mb4_unicode_ci;

LOCK TABLES `reviews` WRITE;
/*!40000 ALTER TABLE `reviews` DISABLE KEYS */;

INSERT INTO `reviews` (`id`, `product_id`, `customer`, `review`, `star`, `created_at`, `updated_at`)
VALUES
	(1,97,'Prof. Fredrick Stanton','Eius sed ullam error. Voluptatem qui officia ipsa veritatis excepturi ut. Qui ullam corrupti et exercitationem et dolorem. Est et velit asperiores eaque voluptatum minus laboriosam.',4,'2018-06-25 20:05:43','2018-06-25 20:05:43'),
	(2,82,'Brant Schaefer II','Eligendi similique quia ex doloribus tempore est. Velit repellendus nemo aut pariatur et exercitationem veniam. Saepe maxime culpa possimus corporis fugit aut et. Dolorem et alias aliquid sunt qui autem. Ullam fuga et ipsam reiciendis est illum aut aut.',0,'2018-06-25 20:05:43','2018-06-25 20:05:43'),
	(3,45,'Emmie Kilback','Similique ducimus iusto consectetur. Nulla aliquid consequuntur et totam aliquid molestias. Sit inventore beatae consequuntur facilis facilis.',5,'2018-06-25 20:05:43','2018-06-25 20:05:43'),
	(4,28,'Otho Shanahan','Dolores aut neque quidem blanditiis. Libero nihil est voluptatem veritatis. Ut excepturi et omnis.',4,'2018-06-25 20:05:43','2018-06-25 20:05:43'),
	(5,50,'Gaston Bartell','Fugit sed et et unde officiis rerum aut. Enim animi reiciendis ut autem quasi eveniet minus soluta. Temporibus sed distinctio dolorem id est maxime. Aut consequatur harum consequatur aut.',1,'2018-06-25 20:05:43','2018-06-25 20:05:43'),
	(6,86,'Celine Morissette','Rerum maiores consequuntur beatae laboriosam odit cupiditate. Aliquam omnis nemo labore aut sapiente explicabo ut mollitia. Sint possimus optio voluptatum quidem tenetur.',5,'2018-06-25 20:05:43','2018-06-25 20:05:43'),
	(7,26,'Zackary Wolf DDS','Quo molestiae dignissimos quia autem. Voluptatem quam enim aperiam. Excepturi repudiandae laudantium natus magnam voluptatem est eius. Doloremque natus repellendus qui beatae.',2,'2018-06-25 20:05:43','2018-06-25 20:05:43'),
	(8,71,'Hosea Renner Jr.','Maxime ut debitis aliquam nobis. Aliquid minima ducimus aut. Quibusdam magni est illum labore debitis.',2,'2018-06-25 20:05:43','2018-06-25 20:05:43'),
	(9,45,'Maxime Batz','Quasi itaque odio harum voluptatem autem voluptatibus. Fugit eum rerum ut animi sint ut. Dicta voluptatum architecto veniam ullam molestiae cupiditate necessitatibus. Aut in asperiores voluptas et eum doloremque.',5,'2018-06-25 20:05:43','2018-06-25 20:05:43'),
	(10,57,'Ms. Hulda Graham MD','Enim est hic molestiae enim velit aut. Commodi dolores cum et velit vel delectus nesciunt.',3,'2018-06-25 20:05:43','2018-06-25 20:05:43'),
	(11,58,'Brady Stracke','Exercitationem quae quibusdam voluptatem ipsam. Soluta animi id ducimus rerum eligendi accusamus. Ea a repellendus cum culpa ut accusamus odit.',4,'2018-06-25 20:05:43','2018-06-25 20:05:43'),
	(12,81,'Aniyah Haag','Optio laudantium error earum expedita repellat. Qui delectus sint consequatur quia.',0,'2018-06-25 20:05:43','2018-06-25 20:05:43'),
	(13,55,'Ms. Dannie Jacobi','Odit dolor et laboriosam consequatur minima eum doloribus. Sed qui rerum magnam enim dolore perferendis. Nihil dolorum nam molestias. Et commodi soluta inventore dolorem et. Aut enim et enim tempore.',5,'2018-06-25 20:05:43','2018-06-25 20:05:43'),
	(14,32,'Janie Boyle','Quis at quo aspernatur tenetur pariatur omnis. Quisquam odit voluptatibus voluptas qui. Architecto sed ullam tenetur aut totam doloremque in.',0,'2018-06-25 20:05:43','2018-06-25 20:05:43'),
	(15,34,'Rosalinda Durgan','Id ut consequatur placeat. Nihil aut consequatur sit nostrum sequi. Officiis voluptatem aut eum. Voluptate quia voluptas doloribus nemo consequatur.',2,'2018-06-25 20:05:43','2018-06-25 20:05:43'),
	(16,53,'Gregoria Harvey','Odit minus delectus et facilis vel. Nulla et aspernatur qui qui delectus. Tenetur in enim recusandae voluptate veritatis ad et. Ducimus sed quo omnis maiores.',1,'2018-06-25 20:05:43','2018-06-25 20:05:43'),
	(17,51,'Georgette Abernathy','Qui qui autem ut veritatis facilis et incidunt asperiores. Commodi sit aliquam voluptatem sit. Quia quam itaque quia corporis. Rem eum exercitationem ut ab maxime reiciendis sed ducimus.',0,'2018-06-25 20:05:43','2018-06-25 20:05:43'),
	(18,60,'Dr. Nayeli Schuppe','Quaerat enim ex magnam corporis. Quo labore consequatur doloremque est. Ratione dicta voluptatibus suscipit sed exercitationem dolor tempore expedita.',4,'2018-06-25 20:05:43','2018-06-25 20:05:43'),
	(19,31,'Mr. Immanuel Welch DVM','Perspiciatis dolor culpa odio consectetur. Non maiores consequatur eum at nihil aut vitae. Occaecati deserunt est quibusdam at ratione animi sequi.',3,'2018-06-25 20:05:43','2018-06-25 20:05:43'),
	(20,36,'Mr. Oda Kemmer II','Quibusdam quisquam exercitationem expedita. Sit amet natus et ipsa ad fugiat ut. Optio omnis maiores est doloribus.',4,'2018-06-25 20:05:43','2018-06-25 20:05:43'),
	(21,34,'Lavern Carroll II','Dolorem cumque quas odio neque et dignissimos. Porro qui aut nesciunt ratione ipsa quia aperiam. Et voluptate fuga labore. Ut praesentium impedit ipsam saepe iure et.',0,'2018-06-25 20:05:43','2018-06-25 20:05:43'),
	(22,46,'Prof. Linda Prohaska','Dolorum quia rerum quae facilis. Quis mollitia possimus aut ipsum natus voluptates corrupti est. Omnis quod fuga molestias dolorem ut. Officiis facilis ut optio qui.',2,'2018-06-25 20:05:43','2018-06-25 20:05:43'),
	(23,84,'Maida Ledner III','Id enim quibusdam quia dicta. Inventore modi laboriosam et temporibus. Voluptatum distinctio illo voluptas. Ab omnis ut consequatur maxime.',3,'2018-06-25 20:05:43','2018-06-25 20:05:43'),
	(24,75,'Jermaine Bernier','Qui officiis magni blanditiis odio. Aperiam veniam et et rem non repellendus. Et sit libero rerum qui est. Dolores suscipit quia in omnis impedit cupiditate eligendi.',5,'2018-06-25 20:05:43','2018-06-25 20:05:43'),
	(25,87,'Lilian Franecki DVM','Reiciendis aut explicabo debitis modi corporis. Assumenda voluptatibus sunt illo odit qui delectus. Dolor quia laudantium nulla saepe quas qui.',0,'2018-06-25 20:05:43','2018-06-25 20:05:43'),
	(26,2,'Pamela O\'Hara','Repudiandae nulla iure nihil consequatur similique veritatis. Esse non qui asperiores dolorum nesciunt nesciunt dolorum aspernatur. Dolore fuga aspernatur eos ea ut iure. Quia expedita magni veniam ut repellat et a.',0,'2018-06-25 20:05:43','2018-06-25 20:05:43'),
	(27,92,'Eveline Crona Jr.','Quo delectus et accusantium incidunt. Et magnam culpa minima dolores et. Sit soluta quo excepturi quasi molestiae. Aliquid rerum dolorem possimus repellat.',3,'2018-06-25 20:05:43','2018-06-25 20:05:43'),
	(28,29,'Grace Nader','Reiciendis qui consequatur eum quae. Est aut quas quia enim perferendis est. Quos aperiam harum accusantium nisi at. Reprehenderit a culpa dolorem veritatis voluptas ipsa ex. Voluptatem voluptatem aliquam unde tempora pariatur ut quas.',0,'2018-06-25 20:05:43','2018-06-25 20:05:43'),
	(29,36,'Paris Rolfson I','Facilis et et consequuntur ut distinctio. Nemo atque et animi non magnam odit. Nam non veritatis consequatur eveniet. Perferendis possimus temporibus fugiat.',5,'2018-06-25 20:05:43','2018-06-25 20:05:43'),
	(30,63,'Mr. Wilber Schinner PhD','Similique voluptatem earum dolor ipsum. Recusandae et optio occaecati iste quisquam. Autem corporis magnam doloribus et ea. Ut fuga quo sit veniam a.',4,'2018-06-25 20:05:43','2018-06-25 20:05:43'),
	(31,78,'Mozelle Hintz','Quam aliquid at qui blanditiis. Sed aut voluptas dicta sit non ipsam. Assumenda rerum inventore eos consequatur aut.',3,'2018-06-25 20:05:43','2018-06-25 20:05:43'),
	(32,61,'Patience Hane II','Eaque beatae optio repudiandae tenetur nemo ut sapiente. Consectetur laboriosam et accusamus saepe occaecati reprehenderit ea nihil. Eius repellendus sed temporibus ut dolores voluptatum fuga.',1,'2018-06-25 20:05:43','2018-06-25 20:05:43'),
	(33,32,'Prof. Hildegard Brakus PhD','Maxime qui provident at. Magnam aliquam qui dolorem qui totam neque temporibus fuga. Quia ea voluptates hic voluptas quasi et.',1,'2018-06-25 20:05:43','2018-06-25 20:05:43'),
	(34,81,'Yasmine Cassin','Voluptatibus autem non fugiat ut perspiciatis. Et aut voluptatem adipisci dolorem. Placeat omnis aperiam est eveniet minima.',3,'2018-06-25 20:05:43','2018-06-25 20:05:43'),
	(35,45,'Eunice Wintheiser','Sed aut unde ducimus nulla est. Fuga non ab quaerat iste et corrupti. Cum voluptas labore natus esse ipsa sunt ipsam accusamus. Sunt sed voluptates nostrum expedita.',5,'2018-06-25 20:05:43','2018-06-25 20:05:43'),
	(36,53,'Ray Marvin','Sed molestiae harum in possimus cumque consequuntur est optio. Quae quia et provident dolores rerum qui. Omnis magni sunt nemo amet optio ad labore. Repellat repellat qui aut dolore sit. Deserunt maiores quae reprehenderit consequatur.',2,'2018-06-25 20:05:43','2018-06-25 20:05:43'),
	(37,25,'Filiberto Frami I','Officiis numquam repudiandae quos qui voluptatem corrupti sed ratione. Quibusdam vitae aut ipsum odit excepturi. Est animi vel sit aut.',0,'2018-06-25 20:05:43','2018-06-25 20:05:43'),
	(38,29,'Jacquelyn Kuvalis','Tempora aperiam quis itaque ea placeat non nemo. Id sed distinctio quia doloribus autem repudiandae. Officiis a asperiores soluta doloremque culpa necessitatibus.',0,'2018-06-25 20:05:43','2018-06-25 20:05:43'),
	(39,12,'Matteo Kautzer','Aspernatur tempore magnam totam atque aperiam est. Quibusdam recusandae molestiae magnam dolores.',2,'2018-06-25 20:05:43','2018-06-25 20:05:43'),
	(40,82,'Pasquale Boehm','Nihil consequatur quas non accusantium est tempora unde. A rerum modi iusto incidunt autem. Quis ad omnis et qui reiciendis. Omnis ut iste animi et fugiat et.',4,'2018-06-25 20:05:43','2018-06-25 20:05:43'),
	(41,97,'Pearline Ebert','Nemo tempora autem minima sit. Culpa et sint aut inventore occaecati id necessitatibus nostrum. At dolor rerum ea voluptates veritatis provident voluptatum. Voluptatem eligendi sunt quaerat id et nemo qui accusamus.',5,'2018-06-25 20:05:43','2018-06-25 20:05:43'),
	(42,76,'Dr. Douglas Jacobi','Quod ut dolorum optio sit laboriosam beatae. Laudantium expedita ut nobis sed. Molestiae qui ad explicabo magnam. Aut quas dignissimos quas exercitationem at.',2,'2018-06-25 20:05:43','2018-06-25 20:05:43'),
	(43,34,'Prof. Gerardo Kozey','Id a eveniet dicta velit earum. Quasi odio corrupti vitae doloribus enim itaque. Voluptatem repellendus aliquam eos.',1,'2018-06-25 20:05:43','2018-06-25 20:05:43'),
	(44,79,'Ricardo Hansen','Mollitia recusandae et quas ad sed omnis. Ullam ut nobis nisi. Consectetur ratione sint magni delectus. Ut rerum quia amet voluptatum expedita quia similique. Ratione autem sit ea tenetur neque.',4,'2018-06-25 20:05:43','2018-06-25 20:05:43'),
	(45,20,'Blanca Kuvalis','Itaque molestiae omnis et eius similique ad. Aliquam corporis aut et ea exercitationem. Saepe consequuntur soluta sit. Adipisci sint quisquam quidem.',3,'2018-06-25 20:05:43','2018-06-25 20:05:43'),
	(46,5,'Theresa Hoppe','Est eius odio praesentium eos. Enim officiis veniam magnam rerum molestias praesentium exercitationem. Ipsam maiores rerum et nesciunt labore ducimus illo. Inventore nam laboriosam eos hic.',1,'2018-06-25 20:05:43','2018-06-25 20:05:43'),
	(47,92,'Ardella Nienow','Inventore ullam facere aliquid corporis vel est illum optio. Quia assumenda rerum et neque omnis laborum delectus sequi. Aliquid recusandae delectus mollitia amet labore maxime asperiores.',3,'2018-06-25 20:05:43','2018-06-25 20:05:43'),
	(48,46,'Ruthie Dach','Et et vel illo occaecati laudantium doloremque. Perspiciatis nihil autem voluptas quam sed animi optio. Sapiente non et id ut recusandae. Recusandae omnis quidem voluptates.',0,'2018-06-25 20:05:43','2018-06-25 20:05:43'),
	(49,23,'Frederic Turner','Deserunt eos ipsum placeat rerum omnis dolorum aut. Occaecati officia nesciunt voluptas. Repellendus consectetur suscipit modi nam. Consequatur autem nisi sint.',5,'2018-06-25 20:05:43','2018-06-25 20:05:43'),
	(50,81,'Damon Christiansen','Ullam laudantium eum quam consequatur quis non quas blanditiis. Consequuntur aliquam ad optio. Non minus aut excepturi odit qui consequatur.',0,'2018-06-25 20:05:43','2018-06-25 20:05:43'),
	(51,24,'Kyler Corkery IV','Quia velit asperiores et nulla ut sit. Laborum nemo porro minima. Est sed illo quam saepe et. Magnam esse velit expedita cum quae.',0,'2018-06-25 20:05:43','2018-06-25 20:05:43'),
	(52,62,'Lucile Schamberger','Possimus optio vel aliquam doloribus rerum. Quibusdam ut autem et dolores modi nam. Corrupti enim minus minus aut vel debitis.',3,'2018-06-25 20:05:43','2018-06-25 20:05:43'),
	(53,76,'Reinhold McDermott','Veritatis hic animi laudantium velit qui minima officiis iure. Rerum nemo rerum rem possimus. Molestiae praesentium sed enim est ratione id veritatis. Ut possimus est repellendus dolores maiores. Aut quia voluptatem amet ut.',2,'2018-06-25 20:05:43','2018-06-25 20:05:43'),
	(54,11,'Mr. Hugh Becker','Dolorum modi voluptas alias ut delectus repellendus rerum. Enim suscipit et vitae ipsam voluptatem sint inventore in. Cupiditate consectetur dignissimos corrupti amet sint. Harum enim molestiae eos dignissimos.',5,'2018-06-25 20:05:43','2018-06-25 20:05:43'),
	(55,98,'Liliane Leannon IV','Ad dignissimos provident et facilis. Numquam aut laudantium necessitatibus. Aut laborum molestias maiores eum veritatis rem. Dolore distinctio aut eos incidunt nulla delectus.',4,'2018-06-25 20:05:43','2018-06-25 20:05:43'),
	(56,41,'Jamie Parisian','Unde illum rerum modi quos ex. Eos qui rem quia eos qui amet eveniet. Culpa omnis odio voluptatem explicabo reprehenderit. Et non voluptatem qui dolore.',0,'2018-06-25 20:05:43','2018-06-25 20:05:43'),
	(57,25,'Sydnee Rath','Tenetur rerum nemo ut dicta rerum nesciunt sit. Deserunt repellat voluptatibus quod non doloremque. Velit ipsum quia ex ducimus qui aperiam maiores quis.',1,'2018-06-25 20:05:43','2018-06-25 20:05:43'),
	(58,66,'Mrs. Velda Gutkowski','Sunt optio temporibus accusamus libero dolorum. Itaque molestias voluptas quos nobis aut quisquam et dolorem. Hic quis maxime repudiandae cupiditate enim neque similique. Quibusdam numquam deleniti enim similique molestiae ratione.',5,'2018-06-25 20:05:43','2018-06-25 20:05:43'),
	(59,74,'Mrs. Hellen Anderson','Cumque esse quas nemo non earum consequuntur repudiandae. Quia qui voluptatem similique sed velit. Corrupti officiis vel qui aliquam ratione. Sed recusandae praesentium aut laudantium ut illo.',4,'2018-06-25 20:05:43','2018-06-25 20:05:43'),
	(60,88,'Naomie Harvey','Laboriosam quia praesentium eum exercitationem quis. Atque voluptas id ut totam aut. Nulla quis autem ut.',0,'2018-06-25 20:05:43','2018-06-25 20:05:43'),
	(61,49,'Haskell Murray','Architecto eveniet nobis voluptatem sapiente voluptatem id. Expedita consectetur et quia. Rerum ut sed fuga odit. Excepturi eaque doloremque amet perferendis qui nemo ab. Reprehenderit nam soluta ad eaque labore corporis rerum.',4,'2018-06-25 20:05:43','2018-06-25 20:05:43'),
	(62,83,'Ms. Reanna Mitchell','Iusto blanditiis earum quidem suscipit aut distinctio. Sunt expedita nam ullam ducimus numquam numquam. Corrupti vero rerum dolorem quibusdam et incidunt. Magni ea exercitationem recusandae corrupti aut.',3,'2018-06-25 20:05:43','2018-06-25 20:05:43'),
	(63,8,'Daphnee Kutch','Amet et explicabo porro quo. Perspiciatis sunt odio eveniet minima sed deserunt quibusdam saepe. Earum earum numquam vitae quasi voluptates recusandae natus.',0,'2018-06-25 20:05:43','2018-06-25 20:05:43'),
	(64,82,'Ms. Linnea Sawayn V','Sit qui sunt quae modi. Cum assumenda ut quisquam ut vero mollitia sed. Voluptas magni autem sed. Quisquam eius natus qui in a dignissimos.',1,'2018-06-25 20:05:43','2018-06-25 20:05:43'),
	(65,58,'Mrs. Mireille Dickens IV','Ut nihil occaecati saepe error laborum voluptatem dicta. Quia et voluptatum similique voluptatem ea est. Non rerum velit voluptate amet modi a unde et.',4,'2018-06-25 20:05:43','2018-06-25 20:05:43'),
	(66,4,'Oswald Senger','Tenetur nam natus totam harum voluptates eligendi sint. Necessitatibus rerum vel qui ad explicabo. Reprehenderit voluptas amet qui commodi. Iusto autem saepe et neque eos aut aliquam.',0,'2018-06-25 20:05:43','2018-06-25 20:05:43'),
	(67,60,'Matilda Batz','Nesciunt adipisci ducimus aperiam. Architecto consequatur commodi amet soluta consequuntur et veniam. Praesentium eveniet nostrum est.',3,'2018-06-25 20:05:43','2018-06-25 20:05:43'),
	(68,19,'Mr. Rodrigo Reichert','Placeat ea repellendus et eos non est. Asperiores nemo et sit. Voluptas consequatur maiores vitae repellendus ea illo distinctio. Doloribus qui nulla ducimus voluptatem.',1,'2018-06-25 20:05:43','2018-06-25 20:05:43'),
	(69,61,'Eldred Lockman DVM','Deleniti minima ea maxime voluptate saepe veniam. Recusandae in totam molestias cum. Sed itaque mollitia molestias sint. Qui nam cupiditate ipsum eius.',0,'2018-06-25 20:05:43','2018-06-25 20:05:43'),
	(70,49,'John Lehner','Voluptas exercitationem aut ipsa esse eveniet voluptate molestiae. Qui quo perspiciatis quia voluptate.',2,'2018-06-25 20:05:43','2018-06-25 20:05:43'),
	(71,6,'Prof. Tyler Stoltenberg','Facilis deserunt ea est non. Amet praesentium ut eius est laborum. Perferendis ducimus similique beatae earum saepe. Quis dolore numquam aspernatur magnam quae laboriosam.',1,'2018-06-25 20:05:43','2018-06-25 20:05:43'),
	(72,54,'Ms. Isabel Erdman','Eligendi consequatur earum libero optio. Ut beatae est praesentium quia quam vero cum beatae. Blanditiis beatae illo est inventore quia voluptates deserunt at.',5,'2018-06-25 20:05:43','2018-06-25 20:05:43'),
	(73,17,'Carey Bauch','Similique nobis nisi veritatis deserunt voluptatum voluptatem laboriosam. Ut non dolores perspiciatis officia tempora non et. Et vero nihil quia ipsam quia temporibus distinctio.',3,'2018-06-25 20:05:43','2018-06-25 20:05:43'),
	(74,55,'Prof. Jared Pagac I','Sit sit maiores sed. Iusto sit quo corporis. In qui eius repudiandae ea pariatur enim doloremque.',0,'2018-06-25 20:05:43','2018-06-25 20:05:43'),
	(75,64,'Mr. Ransom Von IV','Qui aliquid illo est dolorem. Quia necessitatibus sed repellat consequatur. Ut ea quibusdam aperiam optio repellat.',2,'2018-06-25 20:05:43','2018-06-25 20:05:43'),
	(76,80,'Brielle Kuphal','Necessitatibus qui dolor mollitia at. Id dolor dolor qui impedit et sit aspernatur. Et reprehenderit ipsam autem tempore aut aut. Velit doloremque qui numquam qui commodi. Ipsa nihil aut reprehenderit non dolorem.',1,'2018-06-25 20:05:43','2018-06-25 20:05:43'),
	(77,95,'Neha Schaefer','Ea commodi dolores a perspiciatis ipsam. Ut non aliquid non dicta saepe fugit. Impedit aut ipsa sunt qui quia dolor repudiandae dolor. Iusto mollitia amet asperiores et.',0,'2018-06-25 20:05:43','2018-06-25 20:05:43'),
	(78,41,'Madilyn Gutkowski','Voluptatum beatae rerum dolore tenetur sunt cupiditate. Enim nesciunt sed est non. Architecto possimus atque quo et necessitatibus tempora. Esse accusantium vel vel repellendus. In aut dignissimos cumque possimus.',2,'2018-06-25 20:05:43','2018-06-25 20:05:43'),
	(79,61,'Elliot Bernhard','Et velit sunt voluptate reprehenderit. Odit consequuntur dicta possimus nisi. Omnis numquam perspiciatis provident nobis quos adipisci.',1,'2018-06-25 20:05:43','2018-06-25 20:05:43'),
	(80,13,'Claud Jacobs','Expedita et aut non est dolorem sed id. Ratione rerum ex eius animi voluptates non autem voluptates. Doloremque labore earum quasi voluptatem praesentium voluptate quis quisquam.',5,'2018-06-25 20:05:43','2018-06-25 20:05:43'),
	(81,93,'Lucio Weber','Quis qui repellendus veritatis facere incidunt occaecati. Vel mollitia sed placeat aut dolorem consequatur. Dolores sequi non quis ad reprehenderit est temporibus. Velit placeat eos modi mollitia ut quo sit.',0,'2018-06-25 20:05:43','2018-06-25 20:05:43'),
	(82,50,'Kristopher Heaney','Voluptatem placeat rerum et eum dolores eum. Fuga totam dolorum at enim quis qui. Quo eos qui reprehenderit aut aut fugiat et veritatis. Odio quidem possimus ea voluptatem earum quam.',0,'2018-06-25 20:05:43','2018-06-25 20:05:43'),
	(83,21,'Maritza Bode','Totam qui animi eius quasi veritatis. Vero deserunt iure quaerat nobis. Natus et quae et. Sed nihil aspernatur error blanditiis.',3,'2018-06-25 20:05:43','2018-06-25 20:05:43'),
	(84,57,'Janie Homenick DVM','Perspiciatis at libero laborum eligendi est. Nulla architecto ea deleniti aut cumque unde. Placeat eius aut voluptas.',5,'2018-06-25 20:05:43','2018-06-25 20:05:43'),
	(85,84,'Verdie Kozey I','Voluptate est voluptatum aut optio maiores voluptate tempora. Nulla soluta quis est harum accusamus vero. Quos alias libero voluptatum possimus. Velit qui et cum consequatur qui.',0,'2018-06-25 20:05:43','2018-06-25 20:05:43'),
	(86,5,'Prof. Piper White','Eveniet blanditiis ipsum laboriosam ducimus impedit qui ut nihil. Non et unde aperiam ex velit ipsum et cum. Ea quia at nihil non impedit non maxime aut. Quis exercitationem reiciendis vitae eaque tempora ut.',3,'2018-06-25 20:05:43','2018-06-25 20:05:43'),
	(87,71,'Abigayle Grimes','Ipsa fugit et inventore quo libero magni. Consequatur sed et reprehenderit. Esse nihil sapiente incidunt autem quia.',1,'2018-06-25 20:05:43','2018-06-25 20:05:43'),
	(88,74,'Ms. Enola Simonis','Magnam officia sunt voluptas quia omnis iure labore. Sequi commodi aut et illo quas. Et veritatis necessitatibus voluptas iste inventore excepturi. Repellat et enim occaecati autem aspernatur animi autem.',2,'2018-06-25 20:05:43','2018-06-25 20:05:43'),
	(89,22,'Earnest Macejkovic','Eligendi consequatur qui amet asperiores. Officiis sed rem et voluptatem voluptatibus et maxime. Ratione vero beatae inventore cupiditate sequi. Cum illo et maiores est dolor officiis nihil in.',4,'2018-06-25 20:05:43','2018-06-25 20:05:43'),
	(90,36,'Tiana Pfeffer','Beatae facere alias consequatur doloribus. Ipsa ipsam sit quia deserunt. Nam maiores enim placeat consequatur quam. Blanditiis laboriosam quae reiciendis.',2,'2018-06-25 20:05:43','2018-06-25 20:05:43'),
	(91,80,'Arturo Gusikowski','Atque atque natus reiciendis a. Quae similique ut nihil. Sit quo commodi ea porro. Omnis voluptatem nihil consequatur assumenda aut nemo non nulla. Voluptas numquam omnis esse rerum.',2,'2018-06-25 20:05:43','2018-06-25 20:05:43'),
	(92,23,'Miss Addie Moen MD','Deleniti quia et et ut autem dolorem est. Consequatur non cupiditate voluptatem nihil omnis provident qui. Quod rerum sed aut nihil.',1,'2018-06-25 20:05:43','2018-06-25 20:05:43'),
	(93,63,'Dr. Edd Kertzmann I','Numquam tempore et nemo omnis cum ullam illum. Et ipsum necessitatibus necessitatibus ut dignissimos deserunt. Fugiat assumenda cupiditate excepturi illum.',4,'2018-06-25 20:05:43','2018-06-25 20:05:43'),
	(94,84,'Carol Purdy','Sequi autem rerum animi expedita. Voluptate consequuntur temporibus expedita. Vero eius rerum voluptatem voluptatem.',0,'2018-06-25 20:05:43','2018-06-25 20:05:43'),
	(95,9,'Kyra Bins','Accusantium cum maxime neque ducimus voluptatem cum voluptas nam. Et nesciunt et deleniti voluptatem minima delectus et. Ipsum nisi corporis quos possimus consequuntur consequatur temporibus.',4,'2018-06-25 20:05:43','2018-06-25 20:05:43'),
	(96,34,'Leopoldo Weissnat','Deserunt nulla explicabo porro temporibus molestiae. Perferendis minus est nihil sed. Natus est et nulla sapiente est. Ut aut asperiores ut. Velit enim quos dolorem corporis consequatur aliquid laudantium.',1,'2018-06-25 20:05:43','2018-06-25 20:05:43'),
	(97,75,'Dr. Jaquelin Lubowitz','Ut tempora nemo tempore sunt quis. Laborum in voluptatem nesciunt veritatis. Nam nisi omnis et dolore nulla voluptatibus eius.',4,'2018-06-25 20:05:43','2018-06-25 20:05:43'),
	(98,77,'Kobe Torp','Et mollitia repudiandae quia temporibus eos. Sed nam hic nesciunt quis et dolores. Dolorem eligendi consectetur animi omnis autem libero dolorem non.',2,'2018-06-25 20:05:43','2018-06-25 20:05:43'),
	(99,93,'Kaela Wunsch III','Dolores consectetur libero voluptates voluptas a quasi aut. Repellat explicabo quo occaecati reiciendis.',3,'2018-06-25 20:05:43','2018-06-25 20:05:43'),
	(100,39,'Morton Quitzon','Error quis consequatur consectetur perferendis corrupti esse porro. Nisi et nobis et delectus et quae. Minus vel aut numquam inventore dolorem.',4,'2018-06-25 20:05:43','2018-06-25 20:05:43'),
	(101,23,'Mr. Danial Padberg','Odit illo ipsum sunt laborum molestiae. Aut eveniet molestiae eum facere amet. Debitis est aspernatur asperiores aspernatur. Tenetur omnis rerum perferendis illum.',5,'2018-06-25 20:05:43','2018-06-25 20:05:43'),
	(102,45,'Dr. Demetris Kiehn MD','Ex rem at quia dolorem sit. Alias odit dolores ut omnis recusandae officia ullam. Quo illo debitis dolorum sit impedit reprehenderit id fugiat. In eum debitis culpa eos. Cum et qui sit aut id.',4,'2018-06-25 20:05:43','2018-06-25 20:05:43'),
	(103,34,'Tiara Daugherty','Ut quis aperiam itaque eos ex ex. Saepe ut praesentium est veniam sed. Voluptatem ut eum nisi dolorum ipsa inventore assumenda corrupti.',3,'2018-06-25 20:05:43','2018-06-25 20:05:43'),
	(104,20,'Prof. Keanu McLaughlin PhD','Quos vero ipsa perspiciatis ullam amet et. Aliquam officia pariatur voluptates nobis. Dolore dolores omnis voluptas amet omnis possimus repellendus qui.',0,'2018-06-25 20:05:43','2018-06-25 20:05:43'),
	(105,25,'Alaina Dicki','Corporis impedit ratione sit. At eos non modi commodi nam repellat reprehenderit.',5,'2018-06-25 20:05:43','2018-06-25 20:05:43'),
	(106,52,'Stanley Bailey PhD','Quia sapiente sit modi pariatur magni. Qui iste consequatur dolorem at qui quia harum. At omnis et quia.',0,'2018-06-25 20:05:43','2018-06-25 20:05:43'),
	(107,58,'Mr. Karley McClure II','Quo repellat hic quibusdam ducimus unde sit officiis magni. Eos suscipit voluptas quae impedit explicabo sint. Nemo laborum quo sapiente velit est saepe vitae.',1,'2018-06-25 20:05:43','2018-06-25 20:05:43'),
	(108,34,'Lavern Corkery','Doloremque perferendis ipsam quas voluptatum ipsum et vitae. Praesentium adipisci mollitia id pariatur fugiat. A consectetur eos ipsam fugit excepturi. Dignissimos recusandae sunt ut fuga expedita minima ea. Et ut ex veniam omnis et ipsa iusto.',4,'2018-06-25 20:05:43','2018-06-25 20:05:43'),
	(109,40,'Shanelle Brown DVM','Iusto eveniet molestias neque vel libero. Ut nihil rem quibusdam quo ut. Id consequatur nisi a voluptatem. Ut ea qui quia maxime voluptas.',3,'2018-06-25 20:05:43','2018-06-25 20:05:43'),
	(110,27,'Terrence Goldner','Sed non aut quas commodi ab alias. Possimus perferendis a ut esse in. Quisquam quo quisquam nobis nihil qui. Atque nihil quos nam.',0,'2018-06-25 20:05:43','2018-06-25 20:05:43'),
	(111,30,'Madalyn Considine','Inventore est enim qui omnis ab harum praesentium. Eaque consequatur error quia dicta ut. Est repudiandae velit beatae maiores. Sint illum ea ea animi voluptas beatae.',5,'2018-06-25 20:05:43','2018-06-25 20:05:43'),
	(112,55,'Macie Crist','Necessitatibus aperiam et eaque facilis est. Voluptatem soluta quasi sit et. Impedit ut rerum eos voluptate. Velit est molestiae esse non voluptates et.',5,'2018-06-25 20:05:43','2018-06-25 20:05:43'),
	(113,94,'Misty Bartoletti','Earum qui nesciunt provident corporis eaque ut. Sint voluptas qui qui blanditiis. Perferendis dolores non est totam.',1,'2018-06-25 20:05:43','2018-06-25 20:05:43'),
	(114,79,'Jeremy Kerluke II','Alias totam ratione occaecati repudiandae odio error sunt eos. Magnam alias quam quia debitis iusto libero doloribus. Suscipit veniam hic veritatis perferendis voluptatem nulla quo. Nulla eos provident autem tenetur repellat odit.',0,'2018-06-25 20:05:43','2018-06-25 20:05:43'),
	(115,45,'Griffin Gerhold','Laudantium repellat et sint et architecto ipsum. Saepe qui quo aliquid suscipit. Molestiae ipsam aut quasi et ut at quis.',4,'2018-06-25 20:05:43','2018-06-25 20:05:43'),
	(116,51,'Mr. Torrance Koss','Tempore corporis nesciunt et voluptatem. Occaecati est dolorum ut alias. Veniam blanditiis officia quia eos architecto eveniet. Accusantium sed voluptatibus incidunt labore. Voluptatem quasi pariatur quasi qui aperiam.',4,'2018-06-25 20:05:43','2018-06-25 20:05:43'),
	(117,75,'Dr. Caden Franecki DDS','Saepe provident recusandae esse ea omnis velit. Voluptate in pariatur sunt occaecati voluptatem saepe. Quia minus sit iste consequuntur iste harum qui.',2,'2018-06-25 20:05:43','2018-06-25 20:05:43'),
	(118,98,'Letha Carroll','Porro quaerat hic dolorem facilis. Libero quis occaecati est labore.',5,'2018-06-25 20:05:43','2018-06-25 20:05:43'),
	(119,89,'Prof. Hubert Cole MD','Nemo neque mollitia facilis omnis et occaecati. Voluptatibus rem suscipit quia sed non. A quo nemo doloribus facere omnis earum.',5,'2018-06-25 20:05:43','2018-06-25 20:05:43'),
	(120,21,'Jaida Ernser','Repudiandae aut repellendus consequuntur inventore. Quisquam ut sed reprehenderit eos incidunt sunt dolore. Et iure ea qui commodi voluptatem.',0,'2018-06-25 20:05:43','2018-06-25 20:05:43'),
	(121,98,'Vladimir Buckridge','Rem libero ex et consectetur molestiae voluptatem qui. Aut id voluptas aperiam quo ut.',2,'2018-06-25 20:05:43','2018-06-25 20:05:43'),
	(122,60,'Jarrod Kohler','Et architecto eius placeat aperiam quia non. Assumenda quis quae officia omnis. Necessitatibus et sed et consequatur rerum. Enim et voluptatum nihil eos. Nihil in ex aut voluptatem.',4,'2018-06-25 20:05:43','2018-06-25 20:05:43'),
	(123,34,'Dr. Christop Schaefer','Repudiandae enim consectetur quia sed et et. Doloremque et odio accusantium maiores facilis enim accusamus sequi. Sed ipsam sequi hic error aliquam. Omnis ut molestiae rerum atque. Nihil cupiditate dolores qui voluptatum.',5,'2018-06-25 20:05:43','2018-06-25 20:05:43'),
	(124,75,'Seamus Stiedemann DDS','Aliquid id quod nihil debitis libero. Et eos consequatur expedita exercitationem molestiae ipsum aspernatur aut. Et nihil aliquam asperiores et. Omnis voluptatem ut debitis. Provident ad non voluptas nihil non omnis temporibus.',5,'2018-06-25 20:05:43','2018-06-25 20:05:43'),
	(125,43,'Narciso Cormier','Aliquid amet et veniam consequatur. Temporibus quia facilis ea voluptatem impedit eos itaque.',0,'2018-06-25 20:05:43','2018-06-25 20:05:43'),
	(126,84,'Anissa Hamill','Dicta tempore dolor consequatur cupiditate et. Fugit est iusto laborum natus sit omnis et. Possimus qui sit nobis omnis nobis. Recusandae non qui hic temporibus consequatur eum aut.',4,'2018-06-25 20:05:43','2018-06-25 20:05:43'),
	(127,10,'Prof. Emma Walsh','Nobis dolorem impedit veniam eaque. Numquam quia debitis reprehenderit autem.',3,'2018-06-25 20:05:43','2018-06-25 20:05:43'),
	(128,37,'Kailey Renner','Sed soluta ut omnis. Incidunt non sunt voluptatem eos voluptas tenetur quibusdam. Voluptas in modi omnis beatae et.',1,'2018-06-25 20:05:43','2018-06-25 20:05:43'),
	(129,47,'Malcolm Weissnat','Temporibus at quam ea saepe. Dolores sint quibusdam quo. Quaerat nemo enim sit consequatur. Voluptas aperiam porro doloribus et a.',2,'2018-06-25 20:05:43','2018-06-25 20:05:43'),
	(130,4,'Dr. Viviane Stamm','Autem est dolores praesentium dolores consequuntur consectetur numquam. Iusto qui nobis eos quisquam qui quibusdam illum corrupti. Aspernatur natus et ut numquam. Porro rerum est voluptas maiores reprehenderit ad. Sit suscipit debitis non unde nisi nihil.',0,'2018-06-25 20:05:43','2018-06-25 20:05:43'),
	(131,21,'Alexandre Bergnaum Sr.','Pariatur saepe expedita magni aut iusto non ut. Est quibusdam est laborum ut labore deleniti.',2,'2018-06-25 20:05:43','2018-06-25 20:05:43'),
	(132,49,'Kaitlyn Zboncak','Unde quis voluptas sed. Est asperiores maiores sint ullam accusantium consectetur. Maxime sunt praesentium harum quia. Reprehenderit beatae explicabo sint dolor eum ut vel quia. Non autem architecto eveniet error quibusdam maiores voluptatibus.',4,'2018-06-25 20:05:43','2018-06-25 20:05:43'),
	(133,30,'Maya Carroll','Placeat et magni asperiores earum ex. Accusamus quas earum recusandae pariatur dolorum sit ea. Quia at dolorum nobis. Laudantium nisi fugit dolor sunt ipsa sed deleniti.',2,'2018-06-25 20:05:43','2018-06-25 20:05:43'),
	(134,3,'Mrs. Alicia Ward IV','Molestiae qui voluptatem est magni. Quis voluptatem doloremque laboriosam. Sint fuga iste et quo rem ratione.',3,'2018-06-25 20:05:43','2018-06-25 20:05:43'),
	(135,53,'Harry Wunsch','Illum tempore quisquam voluptas voluptate est. Accusamus voluptate eveniet minus aspernatur odio id. Necessitatibus provident quis soluta harum assumenda libero.',0,'2018-06-25 20:05:43','2018-06-25 20:05:43'),
	(136,46,'Lorenzo Gerlach','Ex voluptas expedita esse soluta at eveniet est. In excepturi cupiditate facilis qui laudantium. Voluptatem perspiciatis aliquam sunt quas sed numquam. Eum omnis sunt et ad. Quisquam ipsa mollitia et et omnis voluptatibus.',2,'2018-06-25 20:05:43','2018-06-25 20:05:43'),
	(137,36,'Dr. Raina Mante II','Laborum animi rerum ut quis dolores delectus. Sint eius cumque voluptatem dolor odit eos vero. Consequatur eveniet nihil asperiores sit maxime eum est. Qui dolores nobis cupiditate ea qui inventore consequuntur.',1,'2018-06-25 20:05:43','2018-06-25 20:05:43'),
	(138,19,'Tracy Swaniawski Jr.','Aut nostrum fugiat dolorum aperiam. Qui sunt aut iure eum. Eius quod voluptas aut maxime molestias illo. Qui et ut quia aut eveniet et.',1,'2018-06-25 20:05:43','2018-06-25 20:05:43'),
	(139,56,'Emile Bins','Aliquam fuga beatae qui quia. Sed numquam ea non corrupti. Ut cumque aut aut sit.',4,'2018-06-25 20:05:43','2018-06-25 20:05:43'),
	(140,63,'Nelda Beer','Necessitatibus iure enim ducimus. Nesciunt iusto voluptas adipisci possimus. Et doloribus excepturi id ratione autem at.',1,'2018-06-25 20:05:43','2018-06-25 20:05:43'),
	(141,21,'Prof. Camille Trantow V','Ad sapiente occaecati perferendis repudiandae quia nihil commodi pariatur. Eaque deleniti maiores cum autem.',5,'2018-06-25 20:05:43','2018-06-25 20:05:43'),
	(142,23,'Ms. Olga Pfannerstill I','Voluptas inventore quidem sunt voluptas quas. Non non vero numquam odit voluptatem ut facilis. Id sed quo voluptatem alias consequatur voluptas et facilis. Tempore aliquam tenetur necessitatibus.',1,'2018-06-25 20:05:43','2018-06-25 20:05:43'),
	(143,59,'Miss Gabrielle Schroeder DVM','Qui dolor eos consequatur similique dolore modi voluptatem. Corporis enim soluta est quidem saepe ad. Beatae sunt ut ipsam cupiditate autem et. Alias laboriosam qui enim eos aut non odit dolor.',4,'2018-06-25 20:05:43','2018-06-25 20:05:43'),
	(144,3,'Jana Rolfson','Quisquam accusamus voluptas numquam. Eaque asperiores aut sit dolore. Eum ipsam illum ducimus nulla temporibus quidem. Non quaerat excepturi dolores error rerum perspiciatis voluptatem.',2,'2018-06-25 20:05:43','2018-06-25 20:05:43'),
	(145,8,'Prof. London Strosin Sr.','Quod quidem officia dolor ratione. Culpa atque sit iure aut. Non incidunt omnis eveniet laborum. Explicabo dolor dolorum quo facere.',4,'2018-06-25 20:05:43','2018-06-25 20:05:43'),
	(146,89,'Mr. Liam Buckridge III','Itaque fuga sapiente magni iste autem. Necessitatibus blanditiis quos pariatur asperiores recusandae dolores. Dolore qui ut saepe voluptate quos. Ab voluptas at velit quam ullam.',3,'2018-06-25 20:05:43','2018-06-25 20:05:43'),
	(147,10,'Mrs. Jazlyn Schoen','Tempore debitis nobis autem est sit laborum harum. Non est et ratione ipsa. Voluptatem ducimus dolor ducimus dolor.',1,'2018-06-25 20:05:43','2018-06-25 20:05:43'),
	(148,42,'Mr. Angelo Rippin PhD','Ipsa et temporibus a voluptatem debitis sed. Incidunt consequuntur nostrum laborum nihil. Quos quia asperiores esse a nulla tempora.',1,'2018-06-25 20:05:43','2018-06-25 20:05:43'),
	(149,61,'Russ Schmeler','Minima impedit accusamus facilis eum voluptatem eius ullam. Omnis qui qui iusto culpa. Sunt expedita deleniti dolor voluptates dolorem. Recusandae atque soluta labore qui id et occaecati ut.',0,'2018-06-25 20:05:43','2018-06-25 20:05:43'),
	(150,67,'Dylan Lubowitz','Quo consequatur tempore qui fugiat sunt. Unde magni et nulla hic sunt autem aut qui. Nostrum incidunt dolore eos voluptas. Quasi quo et voluptate voluptas.',0,'2018-06-25 20:05:43','2018-06-25 20:05:43'),
	(151,84,'Ray Hessel','Laudantium tempore quibusdam sit molestias accusamus. Repudiandae aut est deserunt. Consequatur omnis neque consectetur id.',5,'2018-06-25 20:05:43','2018-06-25 20:05:43'),
	(152,15,'Ressie Parisian','Saepe libero qui et earum sunt perferendis non. Nulla ab error enim possimus. Aut quis qui a sapiente consequatur repudiandae ex alias.',1,'2018-06-25 20:05:43','2018-06-25 20:05:43'),
	(153,88,'Ressie Herman','Voluptate sunt aut incidunt incidunt quia dolorem. Molestiae et vel maxime et qui qui illo.',0,'2018-06-25 20:05:43','2018-06-25 20:05:43'),
	(154,85,'Lonny Abbott','Animi quia maiores veritatis et cupiditate sed quo reprehenderit. Molestiae aliquid iusto facilis dolore eum ipsam aut ad. Magni rerum rem repudiandae.',3,'2018-06-25 20:05:43','2018-06-25 20:05:43'),
	(155,59,'Herminia Rodriguez','Commodi repellat sed dolor eum architecto in. Soluta voluptates nisi sit quia et necessitatibus. Suscipit nisi ut aut dolores dicta.',2,'2018-06-25 20:05:43','2018-06-25 20:05:43'),
	(156,87,'Destiney Windler','Repellendus dolorem veritatis ut rerum. Velit aliquid earum molestiae qui.',4,'2018-06-25 20:05:43','2018-06-25 20:05:43'),
	(157,48,'Sabryna Stamm MD','Pariatur voluptate voluptates est reprehenderit porro et autem et. Nam sunt voluptatibus aut quis voluptatem ut. Quasi soluta magnam maxime sed repellendus. Doloremque iste corporis ut tempore unde et sequi. Modi ullam voluptas neque aut optio nihil.',0,'2018-06-25 20:05:43','2018-06-25 20:05:43'),
	(158,73,'Dr. Hellen Swift','Aliquam quod qui vel. Similique esse enim occaecati ipsam. Tenetur sed eum delectus.',1,'2018-06-25 20:05:43','2018-06-25 20:05:43'),
	(159,89,'Mrs. Oceane Littel','Provident et qui iure nulla. Quibusdam animi rerum fugiat dolorum. Voluptatem culpa repellat id quaerat et est. Animi quisquam atque sed libero ratione voluptatum ducimus.',5,'2018-06-25 20:05:43','2018-06-25 20:05:43'),
	(160,42,'Ulises Schinner','Minus voluptatibus nostrum aut et dignissimos occaecati quis. Est error nesciunt ut et quia. Et cumque doloribus cum natus. Atque corporis praesentium voluptatem dignissimos.',3,'2018-06-25 20:05:43','2018-06-25 20:05:43'),
	(161,1,'Miss Michelle Schmeler III','Delectus itaque excepturi voluptas. Delectus explicabo omnis blanditiis itaque aliquam nisi quasi. Nihil possimus voluptate sunt repellat porro nobis voluptatibus.',4,'2018-06-25 20:05:43','2018-06-25 20:05:43'),
	(162,57,'Seamus Little','Officiis tempora ducimus omnis est voluptatem perspiciatis. Quae sit ea animi repellendus. Libero amet nulla rerum rem molestiae sequi.',4,'2018-06-25 20:05:43','2018-06-25 20:05:43'),
	(163,73,'Mr. Cornell McCullough DDS','Voluptatem assumenda qui ab veritatis. Ut ut quasi illo eligendi rerum aspernatur accusamus. Ut omnis officia unde ipsa labore. Natus corrupti voluptas excepturi temporibus.',0,'2018-06-25 20:05:43','2018-06-25 20:05:43'),
	(164,55,'Irma Rodriguez IV','Odit consequatur est quasi eaque accusamus iusto. Similique consectetur ullam qui cupiditate reprehenderit atque in. Dolor delectus saepe error nam et ducimus assumenda. Et aspernatur rerum et omnis maxime sed quo minima. Dolore nostrum eum ut.',5,'2018-06-25 20:05:43','2018-06-25 20:05:43'),
	(165,32,'Wallace Wiegand DDS','Quisquam dolores sit illo. Repellendus odit aut est voluptates velit enim modi. Dicta vitae pariatur ipsa ut id voluptas.',4,'2018-06-25 20:05:43','2018-06-25 20:05:43'),
	(166,50,'Genesis Bartoletti','Fugiat dolorum deserunt et assumenda sapiente saepe. Amet iste nisi aliquam in omnis consequuntur.',1,'2018-06-25 20:05:43','2018-06-25 20:05:43'),
	(167,71,'Mr. Weldon Thompson','Et maxime et vitae itaque in. Quaerat numquam deserunt modi. Itaque laboriosam est consequatur minima dolor. Sunt aut cumque sint dolor esse.',2,'2018-06-25 20:05:43','2018-06-25 20:05:43'),
	(168,7,'Federico O\'Hara','Omnis illo odit qui ipsam rerum est. Atque earum id soluta velit nam maiores dolores. Quia veritatis debitis voluptatum voluptate quisquam. Doloremque vero qui iure et soluta aspernatur.',5,'2018-06-25 20:05:43','2018-06-25 20:05:43'),
	(169,75,'Camille VonRueden','Velit doloribus cum beatae ut dicta culpa. Minima deserunt officia eaque ut nisi.',3,'2018-06-25 20:05:43','2018-06-25 20:05:43'),
	(170,90,'Wilburn Armstrong I','Error asperiores nostrum non. Nostrum possimus sit in molestias qui quia ut reiciendis. Dolorem et ut et voluptates ut dolores.',4,'2018-06-25 20:05:43','2018-06-25 20:05:43'),
	(171,37,'Prof. Aliya Littel','Fuga quis vel vel a sit ipsa soluta. Vel hic est accusamus reprehenderit repudiandae iure enim fuga. Quae consectetur velit dolores minima sit. In esse aliquid quibusdam omnis eaque ipsam atque.',1,'2018-06-25 20:05:43','2018-06-25 20:05:43'),
	(172,31,'Mr. Dario Marks III','Aliquid ex et voluptates. Perferendis officiis delectus a eaque aliquam molestiae officiis. Error et asperiores sed sed est. Dolorum nesciunt sunt quibusdam iste at vel.',4,'2018-06-25 20:05:43','2018-06-25 20:05:43'),
	(173,45,'Alva Willms','Omnis molestias suscipit ut tempora vitae suscipit exercitationem. Assumenda enim soluta sunt aut. Pariatur beatae sint perferendis at fugit eaque.',1,'2018-06-25 20:05:43','2018-06-25 20:05:43'),
	(174,30,'Anastacio Bartell','Tempore pariatur odio in et voluptas facere. Libero ut et reiciendis quod. Et ratione distinctio minus quo dolore tempora.',5,'2018-06-25 20:05:43','2018-06-25 20:05:43'),
	(175,75,'Dr. Waldo Bode','Et quia culpa et. Illum assumenda nulla est autem quam laudantium voluptatibus. Consequatur omnis illo nihil qui.',3,'2018-06-25 20:05:43','2018-06-25 20:05:43'),
	(176,62,'Alessandro Hahn','Numquam assumenda et iusto consequatur fugiat libero. Ullam ut voluptatem illo ipsum possimus quasi non. Autem ipsa dolorem velit repellendus provident impedit.',1,'2018-06-25 20:05:43','2018-06-25 20:05:43'),
	(177,80,'Josefina Schroeder','Qui beatae occaecati impedit id dolores amet. Deserunt non ut ipsa qui et necessitatibus ipsa eaque.',5,'2018-06-25 20:05:43','2018-06-25 20:05:43'),
	(178,89,'Destany Corkery','Illo velit aspernatur perspiciatis sint. Qui est ut eos. Architecto enim in deserunt veniam tempora architecto.',4,'2018-06-25 20:05:43','2018-06-25 20:05:43'),
	(179,33,'Christophe Krajcik','Ea ipsum consequatur modi qui porro rem. Corrupti quidem odit officia totam expedita hic labore. Sit incidunt officia natus expedita similique tempore et.',1,'2018-06-25 20:05:43','2018-06-25 20:05:43'),
	(180,37,'Ms. Dasia Wehner','Eaque est enim molestiae deserunt. Odio omnis similique enim quae omnis nulla dolore. Aspernatur quae autem eligendi ipsa corrupti dignissimos. Sit ea ipsam voluptas commodi culpa veniam. Dolorem enim voluptatem ut et aut minima et.',1,'2018-06-25 20:05:43','2018-06-25 20:05:43'),
	(181,28,'Aletha Wisoky','Voluptatem quos minus dolorem nesciunt ullam recusandae consectetur. Magnam officia tenetur placeat rerum et aut cum. Quos est aut et repellat corrupti enim molestiae. Non consequatur et natus modi dicta cupiditate.',4,'2018-06-25 20:05:43','2018-06-25 20:05:43'),
	(182,42,'Alayna Witting','Dolor officiis sint sapiente deleniti doloremque in optio velit. Doloribus voluptate eos asperiores saepe doloremque distinctio nostrum. Aut eos rem aut nam atque deserunt quo. Sint et sapiente consequuntur quo adipisci.',4,'2018-06-25 20:05:43','2018-06-25 20:05:43'),
	(183,93,'Marcellus Gerlach DDS','Reiciendis fugit autem eligendi ut earum alias aut. Commodi temporibus nihil consequatur ex id repellat quibusdam. Eligendi ipsa numquam hic at qui eos autem.',3,'2018-06-25 20:05:43','2018-06-25 20:05:43'),
	(184,64,'Eileen Ankunding','Totam ut ut accusantium autem est vero quis. Aperiam voluptatem assumenda doloremque praesentium doloremque. Tempore dolor architecto a inventore vitae soluta. Pariatur iste culpa qui debitis repudiandae sit.',4,'2018-06-25 20:05:43','2018-06-25 20:05:43'),
	(185,12,'Vickie Zboncak','Ipsam et blanditiis ut corporis sit. Nihil ab deleniti perspiciatis optio eum nobis nostrum. Rerum quis est nulla perferendis.',4,'2018-06-25 20:05:43','2018-06-25 20:05:43'),
	(186,90,'Mrs. Dorothea Harvey','In eius aspernatur sit temporibus molestiae occaecati vitae. Corporis neque explicabo eos sunt non. Facilis neque perspiciatis vitae enim explicabo. Explicabo voluptatem sit esse soluta neque ut.',2,'2018-06-25 20:05:43','2018-06-25 20:05:43'),
	(187,56,'Prof. Sierra Paucek','Aut ut voluptatem dolores minima. Unde explicabo facere fugit repellat et necessitatibus dolores. Omnis possimus quo veritatis laborum sunt ea odio.',4,'2018-06-25 20:05:43','2018-06-25 20:05:43'),
	(188,19,'Mr. Henry McLaughlin II','Illum ea neque dolore velit velit. Dolor officia nostrum quasi quisquam corporis. Iure iusto saepe quibusdam veniam nesciunt voluptates.',0,'2018-06-25 20:05:43','2018-06-25 20:05:43'),
	(189,52,'Francis Schumm','Maiores et eaque aliquid asperiores. Quibusdam sint dolor expedita impedit sed in neque. Voluptas sint nobis voluptatibus nesciunt ex non.',0,'2018-06-25 20:05:43','2018-06-25 20:05:43'),
	(190,82,'Mr. Diamond Carroll','Nulla dolore reiciendis veniam porro id cumque fugit. Voluptas voluptates ea eum. Ipsam qui aut molestiae.',2,'2018-06-25 20:05:43','2018-06-25 20:05:43'),
	(191,56,'Ofelia Ebert V','Eveniet est dignissimos dolor at dolor nihil sunt. Possimus culpa ab minima aut excepturi hic dolor sit.',5,'2018-06-25 20:05:43','2018-06-25 20:05:43'),
	(192,83,'Ms. Meghan Aufderhar','Exercitationem dolorem et laudantium voluptatum necessitatibus facere. Explicabo cumque minima et quasi. Tempora eum magni sint sint assumenda.',2,'2018-06-25 20:05:43','2018-06-25 20:05:43'),
	(193,36,'Loy Langosh','Architecto ea non aliquam veniam omnis. Saepe eum perspiciatis ea nesciunt. Excepturi et et asperiores eveniet nostrum neque commodi. Possimus reiciendis sunt enim voluptas repellat sit. Aut deleniti nulla aspernatur.',4,'2018-06-25 20:05:43','2018-06-25 20:05:43'),
	(194,77,'Laurie Reichel I','Doloribus ducimus culpa sed aliquam dolorem minima. Facilis explicabo fuga dolore ut. Est ullam est beatae et perferendis quo amet eligendi. Porro tempora aut amet perspiciatis.',1,'2018-06-25 20:05:43','2018-06-25 20:05:43'),
	(195,27,'Virgil Swift DVM','Ea error voluptatem tenetur molestiae. Libero itaque ut consequuntur voluptates explicabo eligendi aut. Nulla ab ad vitae nam dolores molestias voluptas. Eum dolores minima aut velit vel architecto.',0,'2018-06-25 20:05:43','2018-06-25 20:05:43'),
	(196,22,'Mr. Nico Mitchell','Suscipit dolor molestiae aut officiis earum. Est sed nobis quia sint possimus ut. Quam sit at quibusdam voluptas at autem aspernatur voluptatem. Asperiores alias harum non.',2,'2018-06-25 20:05:43','2018-06-25 20:05:43'),
	(197,34,'Ray Bogisich','Culpa quaerat iusto accusantium sint. Optio aliquid omnis aspernatur soluta. Ut aut qui sed corporis asperiores sunt.',0,'2018-06-25 20:05:43','2018-06-25 20:05:43'),
	(198,65,'Pierce Ryan III','Eum sed esse aut tenetur amet ex. Eos optio debitis consequatur voluptatem doloribus.',4,'2018-06-25 20:05:43','2018-06-25 20:05:43'),
	(199,48,'Jana Strosin','Dicta consectetur deserunt at mollitia soluta rerum. Enim quisquam dolor neque non natus repellendus corrupti. Soluta et sunt temporibus cupiditate.',5,'2018-06-25 20:05:43','2018-06-25 20:05:43'),
	(200,82,'Margret Rosenbaum','Quia quis veniam accusamus rerum. Iste saepe nihil earum enim veniam consectetur enim autem. A facilis eius eius.',2,'2018-06-25 20:05:43','2018-06-25 20:05:43'),
	(201,95,'Dayna Rau','Vel libero amet facilis excepturi. Dolorum totam quibusdam quasi ut sit excepturi consequatur impedit. Id et enim cum nisi. Corrupti odit accusantium ipsam maiores quasi voluptatem aliquid consectetur.',3,'2018-06-25 20:05:43','2018-06-25 20:05:43'),
	(202,19,'Dr. Geovany Hauck','Voluptatem error dolores tempore maxime. Quis et quae quas consequatur omnis rerum dolorem eos. Laborum ab odit ipsum veniam libero. Magni eum commodi est et tempora distinctio qui.',1,'2018-06-25 20:05:43','2018-06-25 20:05:43'),
	(203,27,'Lucas Moore PhD','Repellat ut minima reiciendis eaque. Culpa quisquam repellat laborum odit id enim. Velit est accusamus ipsam.',0,'2018-06-25 20:05:43','2018-06-25 20:05:43'),
	(204,78,'Earnest Kovacek','Veniam veniam optio consequatur. Blanditiis rerum error non architecto. Ut corporis ut ut dignissimos voluptatem consequatur nam.',1,'2018-06-25 20:05:43','2018-06-25 20:05:43'),
	(205,18,'Davon Barton','Qui dolorem vel rerum ut molestiae adipisci voluptatibus. Et maiores ipsam est quo delectus rerum. Rerum beatae nisi rerum perferendis hic vel.',2,'2018-06-25 20:05:43','2018-06-25 20:05:43'),
	(206,24,'Dr. Liliana Brown I','Et facilis aut sunt cumque. Officiis dolore consequatur incidunt impedit natus perferendis perferendis. Sequi sed et quas quia.',5,'2018-06-25 20:05:43','2018-06-25 20:05:43'),
	(207,36,'Emmie Mertz','Quae expedita sunt inventore nihil inventore at dolorum. In omnis sunt omnis saepe. Ipsam excepturi est cumque consequatur officiis facere.',3,'2018-06-25 20:05:43','2018-06-25 20:05:43'),
	(208,16,'Hayden Miller','Quos est explicabo dolores aut sequi deleniti. Debitis doloribus nostrum nobis corrupti corporis. Id minima qui voluptas corporis neque. Occaecati a voluptatem ipsum qui.',5,'2018-06-25 20:05:43','2018-06-25 20:05:43'),
	(209,23,'Rodger Gibson','Fugit non illo velit illo rerum. Numquam occaecati eum minima adipisci ut quasi. Dolor adipisci fugiat enim ullam deserunt est et.',5,'2018-06-25 20:05:43','2018-06-25 20:05:43'),
	(210,74,'Janis Mills','Facere suscipit distinctio officiis repudiandae. Qui culpa beatae reiciendis dolorem exercitationem est corporis. Rerum qui excepturi facilis qui.',4,'2018-06-25 20:05:43','2018-06-25 20:05:43'),
	(211,8,'Lilla Zieme','Modi et nam optio illum quia ducimus. Sequi veritatis provident quidem itaque est optio sed. Eum est tempore qui doloribus ipsam earum et. Ipsum quas vero ullam ipsa eius est laborum ex.',0,'2018-06-25 20:05:43','2018-06-25 20:05:43'),
	(212,78,'Prof. Cristobal Deckow','Temporibus ratione eos cum deleniti. Quia reiciendis ducimus sapiente similique magnam a consequuntur. Enim hic ea delectus hic rem et aut.',5,'2018-06-25 20:05:43','2018-06-25 20:05:43'),
	(213,50,'Prof. Jordi Brakus','Amet et est minima ratione doloribus qui a. Id corporis eius voluptates eveniet sequi. Corporis occaecati perspiciatis corrupti est ut. Aspernatur et quo ipsum cum et et.',2,'2018-06-25 20:05:43','2018-06-25 20:05:43'),
	(214,50,'Watson Gleason','Doloribus corrupti aut fugiat fugiat qui. Et necessitatibus consectetur sit ab earum ut. Nihil sint facere rerum inventore sunt.',0,'2018-06-25 20:05:43','2018-06-25 20:05:43'),
	(215,84,'Miss Kaylee Braun','Rem dicta et optio vel debitis voluptates quasi. Illum dolores laborum sed qui ad consequatur aperiam. Ducimus beatae iure ut harum ut. Est quidem aut amet impedit occaecati ratione aperiam.',4,'2018-06-25 20:05:43','2018-06-25 20:05:43'),
	(216,77,'Eloise Thiel IV','Illo corporis quidem cupiditate minus et. Dolores eum occaecati atque accusamus in a. Velit voluptatibus corporis ratione ea ea enim nemo.',5,'2018-06-25 20:05:43','2018-06-25 20:05:43'),
	(217,80,'Ms. Luisa Gulgowski','Recusandae consequatur accusamus minus doloremque dignissimos. Non quas quas eos id. Est consectetur ea nihil aut.',3,'2018-06-25 20:05:43','2018-06-25 20:05:43'),
	(218,57,'Mrs. Alisha Rosenbaum','Dignissimos qui rem et cumque quia quasi. Itaque tempore repellendus sequi. Dolorem facere veniam sit dolores et possimus reiciendis quisquam. Suscipit neque veritatis ducimus porro omnis quibusdam ex.',0,'2018-06-25 20:05:43','2018-06-25 20:05:43'),
	(219,87,'Arielle Parisian','Consectetur ipsum enim sunt quas. Qui et facere voluptatem modi et et odit. Voluptatem eum sit ad ipsa. Et non doloremque id quia. Ipsam qui voluptate impedit ut deserunt.',1,'2018-06-25 20:05:43','2018-06-25 20:05:43'),
	(220,89,'Dr. Hermina Von IV','Dolore amet adipisci voluptatem aliquid. Ut omnis ex quae. Ut impedit nemo praesentium necessitatibus sint minus in. Sed corrupti suscipit aperiam.',4,'2018-06-25 20:05:43','2018-06-25 20:05:43'),
	(221,45,'Ms. Shayna Leuschke I','Quos earum quis sed sit. Earum sed ut voluptatem dolorem.',4,'2018-06-25 20:05:43','2018-06-25 20:05:43'),
	(222,69,'Karianne Hessel','Reprehenderit illo quam ullam aut amet perspiciatis totam. Unde maxime ut dolorem dicta ut eveniet. Sapiente voluptate eos culpa consequuntur aperiam id non ipsam. Sapiente dolor illum et.',5,'2018-06-25 20:05:43','2018-06-25 20:05:43'),
	(223,96,'Carol Graham','Nisi sit totam temporibus soluta. Et cum et facilis sed sit facilis rerum. Ipsa iure in similique omnis ea facilis molestiae.',3,'2018-06-25 20:05:43','2018-06-25 20:05:43'),
	(224,76,'Miss Evangeline Sauer IV','Maiores vel eligendi amet ipsum. Esse numquam provident vel dolorum praesentium velit qui quae. Est sequi ut eaque omnis distinctio vel eveniet. In ea earum aliquam officiis quas ducimus.',2,'2018-06-25 20:05:43','2018-06-25 20:05:43'),
	(225,11,'Damion McClure','Quis maxime et repudiandae laborum. Quia repellat quibusdam quidem voluptatem magnam consequatur quam exercitationem.',1,'2018-06-25 20:05:43','2018-06-25 20:05:43'),
	(226,92,'Brady Emmerich','Consequatur sit dolor nisi iure et iure optio. Harum consequatur veniam rerum minima. Neque hic incidunt aut excepturi ut consequatur inventore. Minus placeat inventore est animi omnis quas dignissimos.',5,'2018-06-25 20:05:43','2018-06-25 20:05:43'),
	(227,26,'Stephen Reilly','Quae quod quibusdam non. Doloribus ducimus laboriosam voluptatem occaecati. Magni minima sunt est optio.',5,'2018-06-25 20:05:43','2018-06-25 20:05:43'),
	(228,67,'Prof. Gregory Johnson I','Voluptatem rem corrupti est eveniet mollitia ut eos. Laudantium odio dicta incidunt in ut voluptatibus maiores. Et iure dolore dolor corporis sequi alias maxime.',1,'2018-06-25 20:05:43','2018-06-25 20:05:43'),
	(229,59,'Avery Legros Sr.','Labore quam ut dolore modi ut voluptatem aut. Aut quia necessitatibus maxime labore est. Veniam sit officiis a enim fuga ut.',2,'2018-06-25 20:05:43','2018-06-25 20:05:43'),
	(230,25,'Colin Tremblay','Quos voluptatem inventore qui et magnam velit porro eos. Optio quisquam vel ea similique aliquid recusandae asperiores.',5,'2018-06-25 20:05:43','2018-06-25 20:05:43'),
	(231,25,'Walter White','Dolorem quo dicta error omnis totam. Perspiciatis a in deserunt. Harum et non doloremque quaerat est velit repudiandae.',5,'2018-06-25 20:05:43','2018-06-25 20:05:43'),
	(232,52,'Deion Little','Voluptates porro nobis voluptatem delectus amet ipsa. A et iure est fugit eaque dicta ipsum voluptas. Debitis quibusdam esse non voluptatibus quos esse dolores.',4,'2018-06-25 20:05:43','2018-06-25 20:05:43'),
	(233,28,'Fabiola Weimann','Quos omnis dolores beatae neque facilis adipisci. Libero minus et mollitia rem provident minima sed. Ea eos veniam soluta facilis inventore et quia natus. Quibusdam expedita ab qui nihil laudantium.',0,'2018-06-25 20:05:43','2018-06-25 20:05:43'),
	(234,12,'Quinton Grant','Enim rerum recusandae vero eum aut quo magnam. Et tempora aut ullam. Atque quia animi perspiciatis est culpa consequatur.',3,'2018-06-25 20:05:43','2018-06-25 20:05:43'),
	(235,75,'Prof. Violette Hammes','Quia rem et exercitationem rerum facilis qui suscipit officia. Ut aliquid voluptatem cumque qui molestias reiciendis delectus reprehenderit. Voluptatem et quia facilis sit ut unde velit.',0,'2018-06-25 20:05:43','2018-06-25 20:05:43'),
	(236,35,'Weston Raynor','Ducimus modi sit cupiditate in. Voluptas commodi velit eveniet similique fugit fugiat. Autem distinctio fugit sit est.',5,'2018-06-25 20:05:43','2018-06-25 20:05:43'),
	(237,94,'Stan Weissnat','Adipisci rem asperiores soluta nostrum accusantium. Et voluptates voluptatibus quia vero. Dicta nemo sint blanditiis reprehenderit ipsum est.',4,'2018-06-25 20:05:43','2018-06-25 20:05:43'),
	(238,9,'Prof. Edmund Torp','Quidem corporis nemo dolores ab itaque. Laudantium hic nesciunt sit nemo ut quae qui. Aperiam harum doloribus esse et ducimus sunt.',5,'2018-06-25 20:05:43','2018-06-25 20:05:43'),
	(239,23,'Frederic Nolan','Nulla at eum temporibus. Debitis eum qui autem excepturi minima facilis. Voluptatem accusamus neque et impedit necessitatibus dolor. Qui consequuntur rerum velit sequi aut dignissimos.',5,'2018-06-25 20:05:43','2018-06-25 20:05:43'),
	(240,50,'Kariane Weimann','Vitae et molestias molestiae quos reprehenderit quia. Ut est consequatur id et. Aut iure ut aut quis. Saepe quibusdam et illo necessitatibus neque itaque.',1,'2018-06-25 20:05:43','2018-06-25 20:05:43'),
	(241,71,'Prof. Maggie DuBuque II','Praesentium molestiae quo et error labore rerum. Est aut ut qui expedita rem. Neque ea sapiente architecto.',0,'2018-06-25 20:05:43','2018-06-25 20:05:43'),
	(242,95,'Percy Romaguera','Quam tenetur voluptatem minus minima est enim ea. Nulla dolor quo dolores dolor harum illum. Aperiam sunt ab est sequi aperiam. Ratione aut rem in quas facere et distinctio.',5,'2018-06-25 20:05:43','2018-06-25 20:05:43'),
	(243,76,'Dr. Stanford Grant','Quia dolorem quam dolor et ea. Explicabo saepe vel sunt officiis et laudantium est. Itaque tempore eos tempore quidem sed. Et saepe laboriosam error nemo commodi.',2,'2018-06-25 20:05:43','2018-06-25 20:05:43'),
	(244,22,'Elisha Murphy DVM','Iure nesciunt rerum magni officia voluptas reiciendis perferendis. Repudiandae nulla cum eos aut nesciunt. Sunt nostrum in rerum ipsam eos cumque.',1,'2018-06-25 20:05:43','2018-06-25 20:05:43'),
	(245,75,'Abigayle Lueilwitz','Non aut est provident quibusdam. Exercitationem tenetur nemo molestias a commodi. Et dicta iste deleniti.',0,'2018-06-25 20:05:43','2018-06-25 20:05:43'),
	(246,11,'Ada Sauer','Deleniti atque incidunt consectetur et libero minima. Maiores nemo mollitia voluptatem dolor consequatur esse magnam. Voluptas voluptatibus laboriosam perferendis nostrum.',2,'2018-06-25 20:05:43','2018-06-25 20:05:43'),
	(247,81,'Aditya Hamill','Temporibus quisquam est voluptatem vel magni qui placeat. Fuga iste alias autem aut est adipisci in. Nemo magnam qui tenetur eveniet molestias. Iste cumque corporis harum eos magni sapiente rem.',4,'2018-06-25 20:05:43','2018-06-25 20:05:43'),
	(248,81,'Mrs. Eda Howell','Similique voluptatem magnam est cumque porro laborum. Sint doloremque sit et. Ratione debitis dolorem porro.',3,'2018-06-25 20:05:43','2018-06-25 20:05:43'),
	(249,37,'Keaton Rutherford','Impedit et odit est deleniti dolor ad error. Sit et ut nulla provident qui architecto reiciendis. Aperiam et asperiores nemo neque.',3,'2018-06-25 20:05:43','2018-06-25 20:05:43'),
	(250,92,'Prof. Regan Cronin IV','Illo architecto saepe perspiciatis sed. Sint iusto eveniet ad quam qui enim.',5,'2018-06-25 20:05:43','2018-06-25 20:05:43'),
	(251,97,'Alda Sawayn','Consequatur praesentium corporis sed enim aut facilis repudiandae. Molestias expedita voluptas quibusdam maxime quae et qui. Autem corporis delectus ut.',3,'2018-06-25 20:05:43','2018-06-25 20:05:43'),
	(252,26,'Miss Malinda Kozey','Praesentium dolor ipsam quidem et. Aut veniam earum perferendis molestias reprehenderit. Aliquam blanditiis quia officiis aut et porro placeat. Tempora aut illum error voluptatem qui eos voluptatem. Sunt et omnis doloremque corporis.',4,'2018-06-25 20:05:43','2018-06-25 20:05:43'),
	(253,81,'Dr. Laisha Wilkinson IV','Laborum et esse deserunt. Corporis possimus voluptatem non sint voluptas. Maiores voluptatem temporibus mollitia sint eius aut porro ut. Rerum voluptatem quo quasi ut quis totam. Dolor est eligendi provident aliquam voluptatum doloremque rerum.',2,'2018-06-25 20:05:43','2018-06-25 20:05:43'),
	(254,6,'Isabell O\'Keefe Jr.','Aut nemo repudiandae ut id. Aut omnis laborum et id. Aut quia cum expedita deleniti sint est consectetur. Aut error debitis tempora enim aut.',2,'2018-06-25 20:05:43','2018-06-25 20:05:43'),
	(255,79,'Natalia Connelly','Quia soluta qui omnis rerum qui vel. Sint aut enim tempora magnam nulla. Aspernatur qui neque illum odio ratione aut. Et atque dolorum porro cumque asperiores magnam quia eum.',4,'2018-06-25 20:05:43','2018-06-25 20:05:43'),
	(256,48,'Elmo Thiel','Inventore perferendis est magni quia. Quo quasi quibusdam odit est a. Enim adipisci quas optio dolorem ad dolor amet. Est autem numquam aut odio recusandae explicabo et ex.',3,'2018-06-25 20:05:43','2018-06-25 20:05:43'),
	(257,71,'Alice Casper II','Ad autem ipsam minima maxime necessitatibus id est maxime. Porro eius fugit in ducimus qui quaerat. Asperiores in et aut.',4,'2018-06-25 20:05:43','2018-06-25 20:05:43'),
	(258,47,'Mr. Melany Cremin','Assumenda id aliquid ipsum eos unde facere. Architecto ea amet ea. Et praesentium quia enim nulla officiis. Et qui itaque saepe et est quia. Ipsum alias id voluptate ea et accusamus.',5,'2018-06-25 20:05:43','2018-06-25 20:05:43'),
	(259,72,'Thora Walter','Minus alias ipsa aut. Veniam qui facilis architecto voluptatem. Qui enim eos unde et. Iste quo vitae ut aliquid.',3,'2018-06-25 20:05:43','2018-06-25 20:05:43'),
	(260,78,'Miss Michelle Lebsack I','Laborum eum quo atque incidunt numquam dignissimos odit. Aut dolorem rerum perferendis animi doloribus aut. Dolore aut alias vero accusamus provident numquam et qui. Maiores molestiae eum qui ipsam.',5,'2018-06-25 20:05:43','2018-06-25 20:05:43'),
	(261,30,'Eva Watsica','Aperiam aperiam quidem est. Ut doloribus et qui voluptas praesentium a consequatur. Dolor nostrum vitae impedit sit neque.',1,'2018-06-25 20:05:43','2018-06-25 20:05:43'),
	(262,59,'Donnie Gleichner','Exercitationem est quis architecto dolorum est. Qui cumque perferendis et quia delectus assumenda voluptas. Officiis consequatur praesentium rerum perspiciatis odit.',3,'2018-06-25 20:05:43','2018-06-25 20:05:43'),
	(263,38,'Prof. Bessie Heller Jr.','Animi ab maiores libero minima amet doloribus. Animi saepe fugiat et est cum consequatur maiores ipsam. Vel odio harum qui magnam labore eligendi excepturi. Quo non sed sit odio est.',0,'2018-06-25 20:05:43','2018-06-25 20:05:43'),
	(264,87,'Alford Rippin','Mollitia facere nulla veniam perferendis. Quis cumque quod aut incidunt itaque. Dicta vitae et nobis beatae eligendi hic. Et enim quis est nulla sapiente. Ut aliquid illum omnis totam tempora vitae aut perspiciatis.',0,'2018-06-25 20:05:43','2018-06-25 20:05:43'),
	(265,4,'Alexandro Stokes I','At illum quo corrupti iusto quaerat. Hic et velit rerum delectus tempora. Voluptatem sed magni esse exercitationem et rerum.',1,'2018-06-25 20:05:43','2018-06-25 20:05:43'),
	(266,87,'Eve Reilly','Provident sed quam labore animi sit debitis ut ut. Quam doloremque est alias maxime nostrum. Voluptas aut accusamus cumque omnis consequatur sapiente.',0,'2018-06-25 20:05:43','2018-06-25 20:05:43'),
	(267,76,'Luther Veum','Culpa error quo vero doloribus. Eaque et praesentium ducimus molestiae. Numquam reiciendis repellendus omnis iusto ut ad illo magni.',0,'2018-06-25 20:05:43','2018-06-25 20:05:43'),
	(268,95,'Deven Pollich','Ratione autem voluptate ab fugiat commodi enim ex amet. Velit et nobis expedita aliquam qui.',4,'2018-06-25 20:05:43','2018-06-25 20:05:43'),
	(269,4,'Miss Billie Weissnat II','Voluptatem quis incidunt quae quod ut. In voluptas dolorem deleniti reiciendis. Voluptatem beatae culpa saepe reprehenderit nisi ab deserunt. Aperiam sunt veniam quo.',2,'2018-06-25 20:05:43','2018-06-25 20:05:43'),
	(270,1,'Perry Medhurst','Modi consectetur quasi doloribus molestiae dolore architecto quia. Vel dolorem dolor quo corporis corporis quia aut. Esse et fuga unde nemo quo officia iusto.',5,'2018-06-25 20:05:43','2018-06-25 20:05:43'),
	(271,42,'Dr. Alvena Satterfield','Autem libero veniam possimus laboriosam suscipit iste. Culpa nulla sit nam aut dicta iste ullam iste. Ut modi harum autem molestiae blanditiis itaque.',4,'2018-06-25 20:05:43','2018-06-25 20:05:43'),
	(272,29,'Mr. Jesus Harvey MD','Consequatur vitae vero animi pariatur dolor hic accusamus. Magnam dolores quia nisi velit tempora. Quasi ex similique earum. Rerum officia magnam nam dignissimos.',4,'2018-06-25 20:05:43','2018-06-25 20:05:43'),
	(273,88,'Prof. Paolo Christiansen Jr.','Quae rerum id qui eaque et. Sunt excepturi doloribus adipisci doloremque. Ex assumenda eum accusantium voluptas aperiam autem nihil.',0,'2018-06-25 20:05:43','2018-06-25 20:05:43'),
	(274,51,'Sterling Corwin','Qui enim cum maxime quidem. Commodi voluptates perferendis neque voluptates distinctio voluptates. Quasi aut eligendi blanditiis tempore numquam voluptas maiores. Tenetur velit quasi expedita ut.',5,'2018-06-25 20:05:43','2018-06-25 20:05:43'),
	(275,30,'Zoila Oberbrunner','Et eius aut quae provident est. Ipsam aut sit est omnis id sit laborum. Natus delectus minima quam veniam aut. Rerum eum eum quasi voluptatem dolor dolore. Consequuntur minus enim repellat voluptatem possimus possimus.',4,'2018-06-25 20:05:43','2018-06-25 20:05:43'),
	(276,75,'Noah O\'Reilly Jr.','Dignissimos optio numquam voluptates iste. Voluptas odio non blanditiis aut enim quia.',5,'2018-06-25 20:05:43','2018-06-25 20:05:43'),
	(277,87,'Hailee Hartmann','Consequatur quis odit saepe consequuntur dolores iste maxime. Est consequatur minus in ab neque aperiam eveniet repudiandae. In dolorem excepturi facere quia omnis ipsa.',2,'2018-06-25 20:05:43','2018-06-25 20:05:43'),
	(278,1,'Prof. Kaylie Corwin Sr.','Et dolorum sit hic cum odit temporibus officiis. Eligendi tempora laboriosam necessitatibus quae. Alias omnis dolores laboriosam et aperiam.',5,'2018-06-25 20:05:43','2018-06-25 20:05:43'),
	(279,71,'Ida Daniel I','Omnis et officia ex voluptas. Dolores sit voluptatibus quo optio eum. Labore deleniti inventore ratione occaecati reprehenderit omnis tenetur. Molestiae sed cupiditate quia explicabo.',2,'2018-06-25 20:05:43','2018-06-25 20:05:43'),
	(280,21,'Verdie Dicki I','Fugiat perferendis sed tenetur nobis ut mollitia qui. Quam est explicabo voluptas sed. Adipisci molestiae velit explicabo.',4,'2018-06-25 20:05:43','2018-06-25 20:05:43'),
	(281,95,'Suzanne Schmitt','Est perferendis consequatur explicabo. Ex id perspiciatis quisquam quam quia. In perferendis aut perferendis animi est consequatur inventore.',1,'2018-06-25 20:05:43','2018-06-25 20:05:43'),
	(282,6,'Yoshiko Nikolaus Jr.','Voluptas qui ex nulla et nam itaque itaque. Dolores expedita similique quod. Numquam dolor molestiae pariatur velit in et.',2,'2018-06-25 20:05:43','2018-06-25 20:05:43'),
	(283,24,'Kaia Anderson DDS','Nemo aut et eos omnis dolor et. Et tempore nisi maiores vel quod. Non voluptas harum error dolorum voluptatibus. Et nisi nam explicabo dolor accusantium placeat consectetur id.',2,'2018-06-25 20:05:43','2018-06-25 20:05:43'),
	(284,26,'Mallory Weissnat IV','Eligendi dolorum voluptates quibusdam velit ut. Qui dolorum rerum molestias expedita officia autem. Cumque quam ullam enim nihil.',4,'2018-06-25 20:05:43','2018-06-25 20:05:43'),
	(285,20,'Annette Oberbrunner','Vitae dolores voluptatem laudantium asperiores. Explicabo nam et non reiciendis beatae. Consequatur exercitationem ut deleniti ex neque cum et.',3,'2018-06-25 20:05:43','2018-06-25 20:05:43'),
	(286,45,'Kristopher Kohler','Provident sed velit temporibus quia ut hic. Nulla asperiores iste ipsa praesentium amet ea sequi. Neque eius doloremque inventore numquam eum ipsam. Omnis ut autem nulla distinctio et facilis.',4,'2018-06-25 20:05:43','2018-06-25 20:05:43'),
	(287,72,'Collin Casper','Porro est ducimus et reiciendis omnis. Iusto esse omnis repudiandae inventore quae vero. Quia ducimus suscipit ducimus enim quae ratione. Est ullam et ut officiis nihil rerum.',0,'2018-06-25 20:05:43','2018-06-25 20:05:43'),
	(288,64,'Alena Moore','Porro qui aut consequatur quidem consectetur. Sit sed ipsam eum est autem nam asperiores. Odio reiciendis aut praesentium voluptas quo.',0,'2018-06-25 20:05:43','2018-06-25 20:05:43'),
	(289,33,'Prof. Brandt Larson','Et et animi quaerat possimus nostrum commodi et nam. Voluptas debitis rem esse qui. Dolor dolores labore est quia fugit sed deleniti.',5,'2018-06-25 20:05:43','2018-06-25 20:05:43'),
	(290,83,'Carli Satterfield','Et cupiditate possimus aliquam facilis ipsa autem. Magnam magnam numquam placeat mollitia laboriosam et. Ut odit beatae autem magni deleniti architecto. Aut architecto quia deserunt tempora. Vel voluptate cupiditate maiores quae quibusdam veritatis dicta vel.',2,'2018-06-25 20:05:43','2018-06-25 20:05:43'),
	(291,49,'Rachelle Bashirian V','Reprehenderit necessitatibus repellendus nobis voluptatem. Est animi maxime occaecati. Unde aspernatur autem labore corrupti excepturi architecto.',4,'2018-06-25 20:05:43','2018-06-25 20:05:43'),
	(292,50,'Blake Beier','Officia quis exercitationem animi amet ipsum voluptatem vel. Saepe magnam nihil illo rerum.',4,'2018-06-25 20:05:43','2018-06-25 20:05:43'),
	(293,27,'Prof. Kiley Jacobson','Sequi et provident eligendi dolor vel omnis. Fugiat officia nemo repudiandae ullam nobis. Doloribus quidem qui voluptatem consequuntur sed animi illo. Id omnis corporis recusandae magnam.',2,'2018-06-25 20:05:43','2018-06-25 20:05:43'),
	(294,42,'Dr. Kaycee Dooley I','Qui tempora odio et laborum illum. Voluptas velit qui provident vel. Necessitatibus velit et tempore quaerat aut dolorem sed. Ut ut harum quo dolore adipisci ex omnis.',2,'2018-06-25 20:05:43','2018-06-25 20:05:43'),
	(295,3,'Tiara Kunze V','Libero saepe magnam deserunt qui. Ipsa architecto error enim asperiores earum sint. Ea ut blanditiis exercitationem pariatur quam. Amet qui est ducimus vel officiis accusamus nostrum tempore.',4,'2018-06-25 20:05:43','2018-06-25 20:05:43'),
	(296,49,'Lance Murphy','Porro reiciendis nam facilis iure. Voluptas doloremque tenetur libero facere quis occaecati.',4,'2018-06-25 20:05:43','2018-06-25 20:05:43'),
	(297,57,'Mrs. Elaina Hessel V','Nulla libero rerum doloremque assumenda. Aperiam quam hic qui optio quis. Doloremque itaque labore ut impedit neque sit ab. Ad soluta quidem recusandae deserunt et. Quia dicta perspiciatis similique magnam.',1,'2018-06-25 20:05:43','2018-06-25 20:05:43'),
	(298,84,'Abdullah Goodwin','Voluptates sed sit nobis. Vel facere et molestiae ea quibusdam debitis ut. Ducimus voluptatem ad doloremque similique ducimus explicabo sint fugit. Iure laboriosam dolorum suscipit dignissimos ipsam harum.',3,'2018-06-25 20:05:43','2018-06-25 20:05:43'),
	(299,97,'Muriel Upton','Repellat ducimus officiis optio et. Pariatur nihil temporibus praesentium qui consequatur incidunt. Consequuntur ipsa sequi excepturi maiores eum.',1,'2018-06-25 20:05:43','2018-06-25 20:05:43'),
	(300,54,'Garnet Bechtelar','Voluptatum assumenda quod non odit voluptate. Vero reiciendis occaecati sed ipsam. Vel neque vel eaque velit adipisci aperiam. Quisquam excepturi necessitatibus omnis illum saepe voluptatem aliquid.',3,'2018-06-25 20:05:43','2018-06-25 20:05:43');

/*!40000 ALTER TABLE `reviews` ENABLE KEYS */;
UNLOCK TABLES;


# Dump of table users
# ------------------------------------------------------------

DROP TABLE IF EXISTS `users`;

CREATE TABLE `users` (
  `id` int(10) unsigned NOT NULL AUTO_INCREMENT,
  `name` varchar(255) COLLATE utf8mb4_unicode_ci NOT NULL,
  `email` varchar(255) COLLATE utf8mb4_unicode_ci NOT NULL,
  `password` varchar(255) COLLATE utf8mb4_unicode_ci NOT NULL,
  `remember_token` varchar(100) COLLATE utf8mb4_unicode_ci DEFAULT NULL,
  `created_at` timestamp NULL DEFAULT NULL,
  `updated_at` timestamp NULL DEFAULT NULL,
  PRIMARY KEY (`id`),
  UNIQUE KEY `users_email_unique` (`email`)
) ENGINE=InnoDB DEFAULT CHARSET=utf8mb4 COLLATE=utf8mb4_unicode_ci;




/*!40111 SET SQL_NOTES=@OLD_SQL_NOTES */;
/*!40101 SET SQL_MODE=@OLD_SQL_MODE */;
/*!40014 SET FOREIGN_KEY_CHECKS=@OLD_FOREIGN_KEY_CHECKS */;
/*!40101 SET CHARACTER_SET_CLIENT=@OLD_CHARACTER_SET_CLIENT */;
/*!40101 SET CHARACTER_SET_RESULTS=@OLD_CHARACTER_SET_RESULTS */;
/*!40101 SET COLLATION_CONNECTION=@OLD_COLLATION_CONNECTION */;
